"SEX","contrast","estimate","SE","df","lower.CL","upper.CL","t.ratio","p.value","exp.estimate","exp.lower.CL","exp.upper.CL","model"
"Male","Marginally Food Secure - Fully Food Secure",0.0106957954873214,0.0633201262466389,67,-0.156133773623669,0.177525364598312,0.168916205973123,0.998269049439173,1.01075319998759,0.855444746772797,1.1942583494016,"BPA"
"Male","Low Food Security - Fully Food Secure",0.0369199694115189,0.0645390190515538,67,-0.133121017197983,0.206960956021021,0.572056562899216,0.94007080317667,1.03760997697811,0.875359152186797,1.22993454930458,"BPA"
"Male","Low Food Security - Marginally Food Secure",0.0262241739241975,0.0752165701090872,67,-0.171948961935141,0.224397309783536,0.348648893271315,0.985320095224789,1.0265710531422,0.842022147252798,1.25156818094131,"BPA"
"Male","Very Low Food Secure - Fully Food Secure",-0.0549959765130255,0.0707906728111301,67,-0.241508198490549,0.131516245464498,-0.776881675637623,0.8646426405198,0.946488956131809,0.785442364320787,1.14055643644096,"BPA"
"Male","Very Low Food Secure - Marginally Food Secure",-0.0656917720003468,0.0961147567854082,67,-0.318925371018454,0.187541827017761,-0.683472280401379,0.903039355530202,0.936419450508224,0.726929797312505,1.20628070349021,"BPA"
"Male","Very Low Food Secure - Low Food Security",-0.0919159459245444,0.0860558296387597,67,-0.318647284428234,0.134815392579146,-1.06809667991563,0.709992048212472,0.912181818922295,0.727131974851297,1.14432551386913,"BPA"
"Female","Marginally Food Secure - Fully Food Secure",0.024675465440304,0.0549486397769488,67,-0.120097743973662,0.16944867485427,0.449064172297408,0.969586374012043,1.02498242432187,0.88683374982598,1.18465154305966,"BPA"
"Female","Low Food Security - Fully Food Secure",0.105118052805637,0.0550071955859503,67,-0.039809433628349,0.250045539239624,1.91098731149432,0.233270555782306,1.1108417405995,0.960972550756566,1.28408389156032,"BPA"
"Female","Low Food Security - Marginally Food Secure",0.0804425873653335,0.0668885945332415,67,-0.0957888269713168,0.256674001701984,1.202635336064,0.627344102555291,1.08376662295887,0.908655879423899,1.29262366495042,"BPA"
"Female","Very Low Food Secure - Fully Food Secure",0.194322980286717,0.0777206076634893,67,-0.0104475446020027,0.399093505175437,2.50027613175758,0.0689971212288608,1.21448847545362,0.989606841427165,1.49047297902923,"BPA"
"Female","Very Low Food Secure - Marginally Food Secure",0.169647514846413,0.0912551241490476,67,-0.0707824075712424,0.410077437264069,1.85904645277044,0.255509655915463,1.18488712258371,0.931664593235309,1.50693447347754,"BPA"
"Female","Very Low Food Secure - Low Food Security",0.0892049274810798,0.0827219217958655,67,-0.12874256231834,0.307152417280499,1.07837107195373,0.703832079337423,1.09330468154553,0.879200275694643,1.35954817091585,"BPA"
"Male","Marginally Food Secure - Fully Food Secure",-0.175276461819264,0.0993088226426543,67,-0.436925467790303,0.0863725441517751,-1.76496364728808,0.299174822889174,0.839224975031423,0.646019578883055,1.09021240491534,"BP3"
"Male","Low Food Security - Fully Food Secure",-0.301599839096624,0.0910457999451765,67,-0.541478254926938,-0.0617214232663101,-3.31261671903848,0.007948220623893,0.739633978280014,0.581887438306828,0.940144752768933,"BP3"
"Male","Low Food Security - Marginally Food Secure",-0.12632337727736,0.120366685037576,67,-0.443453544104893,0.190806789550173,-1.04948788145096,0.721063161126514,0.881329798666109,0.641816049180778,1.210225601258,"BP3"
"Male","Very Low Food Secure - Fully Food Secure",-0.242697743936152,0.123634801652373,67,-0.568438419285533,0.0830429314132289,-1.96302125851709,0.212341262696031,0.784508600420931,0.566409242203806,1.08658845632493,"BP3"
"Male","Very Low Food Secure - Marginally Food Secure",-0.0674212821168879,0.138650725883879,67,-0.432724420743548,0.297881856509772,-0.486267069191934,0.961895811234296,0.934801303299579,0.64873924625245,1.34700263888543,"BP3"
"Male","Very Low Food Secure - Low Food Security",0.0589020951604721,0.11846483881213,67,-0.253217276441061,0.371021466762005,0.49721162626054,0.959432011186432,1.06067139079423,0.776299191972606,1.44921418298869,"BP3"
"Female","Marginally Food Secure - Fully Food Secure",-0.261761138620691,0.12339333852865,67,-0.586865630954104,0.0633433537127227,-2.12135551028887,0.156870569368952,0.769694852125973,0.556067476794462,1.06539258293684,"BP3"
"Female","Low Food Security - Fully Food Secure",-0.0918798653896143,0.105968895591107,67,-0.371076168975165,0.187316438195936,-0.867045606893394,0.82177892177579,0.912214731524024,0.68999138362061,1.20600885194096,"BP3"
"Female","Low Food Security - Marginally Food Secure",0.169881273231076,0.152419050731083,67,-0.231697277934913,0.571459824397066,1.11456719101868,0.681891609860791,1.1851641322589,0.793186201931349,1.77085029589883,"BP3"
"Female","Very Low Food Secure - Fully Food Secure",-0.192465633871893,0.146693444981991,67,-0.578958928632994,0.194027660889209,-1.31202613651565,0.558616828702345,0.824922667114536,0.560481564245796,1.21412986640348,"BP3"
"Female","Very Low Food Secure - Marginally Food Secure",0.0692955047487978,0.184680941103821,67,-0.417283465535521,0.555874475033117,0.375217411903064,0.981837453847421,1.07175287042133,0.658834136700686,1.74346493490548,"BP3"
"Female","Very Low Food Secure - Low Food Security",-0.100585768482279,0.161378073907327,67,-0.52576866260751,0.324597125642952,-0.623292657093188,0.924257914831587,0.904307548000622,0.591100832591124,1.38347316782848,"BP3"
"Male","Marginally Food Secure - Fully Food Secure",-0.177044486525454,0.113289763345993,67,-0.47552908414107,0.121440111090162,-1.56275802240624,0.406657356341227,0.837742515440277,0.621556113970878,1.12912174203001,"TRS"
"Male","Low Food Security - Fully Food Secure",-0.196815958493912,0.105548541920789,67,-0.474904756048595,0.0812728390607705,-1.86469613802545,0.253025638987711,0.821341780381838,0.621944290075894,1.08466679566829,"TRS"
"Male","Low Food Security - Marginally Food Secure",-0.019771471968458,0.128395211264541,67,-0.358054400965539,0.318511457028623,-0.153989169640615,0.998686109152939,0.980422701777504,0.699035045790685,1.37507937541736,"TRS"
"Male","Very Low Food Secure - Fully Food Secure",-0.193921206263173,0.121474009726366,67,-0.513968842016419,0.126126429490073,-1.59640079964433,0.387610508504428,0.823722805909609,0.598117029893029,1.13442558406496,"TRS"
"Male","Very Low Food Secure - Marginally Food Secure",-0.016876719737719,0.160364423909874,67,-0.439388949694567,0.405635510219129,-0.10523979899185,0.999578521531814,0.983264894317439,0.644430079995405,1.50025562494534,"TRS"
"Male","Very Low Food Secure - Low Food Security",0.00289475223073901,0.15057445068053,67,-0.393823830235612,0.39961333469709,0.0192247238336651,0.999997419901426,1.00289894607171,0.674472867500815,1.49124797229969,"TRS"
"Female","Marginally Food Secure - Fully Food Secure",-0.142882394702082,0.108702327450138,67,-0.429280472609118,0.143515683204955,-1.31443730832371,0.557103523983418,0.866856009760259,0.650977322266058,1.15432491417936,"TRS"
"Female","Low Food Security - Fully Food Secure",-0.0805150296041699,0.100054474591064,67,-0.344128605146271,0.183098545937931,-0.804711932507223,0.851987468617582,0.922641036549979,0.70883776200336,1.20093274929388,"TRS"
"Female","Low Food Security - Marginally Food Secure",0.0623673650979118,0.126226271810098,67,-0.270201058005685,0.394935788201508,0.494091794073907,0.960143765953777,1.06435327916242,0.763226026206656,1.48428887900247,"TRS"
"Female","Very Low Food Secure - Fully Food Secure",-0.361101355612878,0.115520133177118,67,-0.665462309766942,-0.0567404014588145,-3.12587378218505,0.0136377744786278,0.696908359313218,0.514035828981348,0.944839316440457,"TRS"
"Female","Very Low Food Secure - Marginally Food Secure",-0.218218960910797,0.123921555024381,67,-0.544715145516536,0.108277223694942,-1.76094433989199,0.301135302732418,0.803949388902498,0.580006977398548,1.11435662863168,"TRS"
"Female","Very Low Food Secure - Low Food Security",-0.280586326008708,0.137710314462954,67,-0.643411762182142,0.0822391101647256,-2.03751133023656,0.184722138903717,0.755340735676747,0.525496493078512,1.08571538437926,"TRS"
"Male","Marginally Food Secure - Fully Food Secure",-0.0082843526767988,0.0567584576029645,67,-0.157825890045569,0.141257184691971,-0.145958030338832,0.998880093615565,0.991749868008893,0.853998458657782,1.15172081486133,"BUP"
"Male","Low Food Security - Fully Food Secure",0.022544153953345,0.0571135646010833,67,-0.127932984005571,0.173021291912261,0.394725037927635,0.97897707971164,1.02280019383949,0.879912345369617,1.18889141858632,"BUP"
"Male","Low Food Security - Marginally Food Secure",0.0308285066301438,0.06609196483222,67,-0.143304027024482,0.20496104028477,0.466448632725696,0.966123268293557,1.03130862612862,0.866490592288999,1.2274772418678,"BUP"
"Male","Very Low Food Secure - Fully Food Secure",0.0576009415761194,0.0692704752875609,67,-0.124906015206057,0.240107898358296,0.831536687701391,0.839294027384681,1.05929219188166,0.882579847771872,1.27138632341795,"BUP"
"Male","Very Low Food Secure - Marginally Food Secure",0.0658852942529182,0.0809093826630539,67,-0.147286697763286,0.279057286269122,0.814309689239587,0.847500641683198,1.06810419244963,0.863046508440032,1.32188306744971,"BUP"
"Male","Very Low Food Secure - Low Food Security",0.0350567876227744,0.0789929690122271,67,-0.173066028364302,0.243179603609851,0.443796303153867,0.970591096851148,1.03567852085087,0.841082077737294,1.27529765161263,"BUP"
"Female","Marginally Food Secure - Fully Food Secure",-0.282835061223034,0.0683449299942452,67,-0.462903483346023,-0.102766639100045,-4.13834736895407,0.000567318196430078,0.753644082742187,0.629453382310727,0.902337519209536,"BUP"
"Female","Low Food Security - Fully Food Secure",-0.284141622737889,0.0939912466254499,67,-0.531780408448,-0.0365028370277766,-3.02306473144438,0.0181699098657957,0.752660043381746,0.587557944760386,0.964155358556911,"BUP"
"Female","Low Food Security - Marginally Food Secure",-0.00130656151485409,0.113244929953982,67,-0.299673036569536,0.297059913539828,-0.0115374835357752,0.999999442262959,0.998694291665024,0.741060480751436,1.34589593442218,"BUP"
"Female","Very Low Food Secure - Fully Food Secure",-0.626432882145001,0.104611434756785,67,-0.902052682973863,-0.350813081316139,-5.98818746345862,5.52166270706422e-07,0.534495011199135,0.405735957078724,0.704115353871219,"BUP"
"Female","Very Low Food Secure - Marginally Food Secure",-0.343597820921967,0.122689082827951,67,-0.666846810399402,-0.020348831444531,-2.80055741718927,0.0329207515318979,0.709214101773794,0.513324638486465,0.979856808817627,"BUP"
"Female","Very Low Food Secure - Low Food Security",-0.342291259407112,0.125926305020158,67,-0.674069359855345,-0.0105131589588798,-2.71818711231398,0.0406268703476663,0.71014133923945,0.509630482568806,0.989541911140907,"BUP"
"Male","Marginally Food Secure - Fully Food Secure",0.00122797511475013,0.075631085618108,67,-0.198037284968889,0.20049323519839,0.0162363809102341,0.999998445675494,1.0012287293849,0.820339266243598,1.22200534558835,"EPB"
"Male","Low Food Security - Fully Food Secure",0.129115455205719,0.086165473179982,67,-0.0979047611922866,0.356135671603725,1.49845930673442,0.444145462813068,1.137821483996,0.906735256026508,1.42780124720883,"EPB"
"Male","Low Food Security - Marginally Food Secure",0.127887480090969,0.10241158415326,67,-0.141936373224061,0.397711333405998,1.24875990493013,0.598395858942213,1.13642512505111,0.867676462185462,1.48841431239769,"EPB"
"Male","Very Low Food Secure - Fully Food Secure",-0.0976879952565343,0.0769187513886267,67,-0.300345869006449,0.10496987849338,-1.27001535377209,0.585025635140514,0.906931826646897,0.74056203892499,1.11067715458257,"EPB"
"Male","Very Low Food Secure - Marginally Food Secure",-0.0989159703712844,0.0820262192468683,67,-0.315030492307903,0.117198551565334,-1.20590673664459,0.625296185878505,0.90581882044482,0.729766621661267,1.12434264752232,"EPB"
"Male","Very Low Food Secure - Low Food Security",-0.226803450462253,0.0794031275372651,67,-0.436006911325696,-0.0175999895988108,-2.85635411975191,0.0284628133131726,0.797077432095739,0.646613256965178,0.982553985574334,"EPB"
"Female","Marginally Food Secure - Fully Food Secure",-0.223690648904408,0.0979883715084113,67,-0.481860661594546,0.0344793637857304,-2.28282851792476,0.112345758296052,0.79956244163232,0.617633115782735,1.03508066800927,"EPB"
"Female","Low Food Security - Fully Food Secure",-0.226812153692595,0.0968853587726344,67,-0.482076058161837,0.0284517507766458,-2.34103642248842,0.0990133175623676,0.797070494977434,0.617500094056476,1.02886036792323,"EPB"
"Female","Low Food Security - Marginally Food Secure",-0.00312150478818751,0.114851922270553,67,-0.305721923323873,0.299478913747498,-0.0271785158356712,0.999992710959156,0.996883362042622,0.736591419873373,1.3491555979409,"EPB"
"Female","Very Low Food Secure - Fully Food Secure",-0.493352307529818,0.106286881839454,67,-0.773386409647044,-0.213318205412593,-4.64170459224709,9.61960510579285e-05,0.610576120604082,0.461447768259464,0.807899018469864,"EPB"
"Female","Very Low Food Secure - Marginally Food Secure",-0.26966165862541,0.13246789962435,67,-0.618674901733738,0.0793515844829178,-2.03567550621783,0.185369958141002,0.763637820903119,0.538657739329349,1.08258487521167,"EPB"
"Female","Very Low Food Secure - Low Food Security",-0.266540153837223,0.11275386629244,67,-0.56361282321088,0.030532515536434,-2.36391143471676,0.0941380437457793,0.766025244255677,0.569149109850114,1.03100341313281,"EPB"
"Male","Marginally Food Secure - Fully Food Secure",-0.0400435482698355,0.0950633462992972,67,-0.290506995540717,0.210419899001046,-0.421230156823666,0.974663469648775,0.960747599345604,0.74788429743878,1.23419618891504,"MPB"
"Male","Low Food Security - Fully Food Secure",0.0823986017206532,0.115917709203898,67,-0.223009846195162,0.387807049636468,0.710837043679967,0.892463756464705,1.08588856062492,0.800106971246381,1.47374539714259,"MPB"
"Male","Low Food Security - Marginally Food Secure",0.122442149990489,0.114146492514529,67,-0.178299672405051,0.423183972386029,1.07267553556149,0.707250813627536,1.1302537329935,0.836691652516279,1.52681516195824,"MPB"
"Male","Very Low Food Secure - Fully Food Secure",0.0621442420970337,0.13836107585657,67,-0.302395755454058,0.426684239648126,0.449145409663154,0.969570718096621,1.06411582395662,0.739045525708765,1.53216878717847,"MPB"
"Male","Very Low Food Secure - Marginally Food Secure",0.102187790366869,0.170424957956526,67,-0.346830933804659,0.551206514538397,0.599605783050488,0.931827501198753,1.10759144720364,0.706924835247456,1.73534547486824,"MPB"
"Male","Very Low Food Secure - Low Food Security",-0.0202543596236195,0.185040351888305,67,-0.507780269686229,0.46727155043899,-0.109459149947172,0.99952593530797,0.9799493820473,0.601829997528766,1.59563463987849,"MPB"
"Female","Marginally Food Secure - Fully Food Secure",-0.16242240690074,0.0904034943374217,67,-0.400608539816741,0.0757637260152619,-1.79663859335475,0.28399430267232,0.850082048167167,0.669912253689191,1.07870767348489,"MPB"
"Female","Low Food Security - Fully Food Secure",-0.196601403241825,0.100940811679585,67,-0.462550211565825,0.0693474050821757,-1.94768993799944,0.218367437268317,0.821518022480736,0.629675789710464,1.07180849619609,"MPB"
"Female","Low Food Security - Marginally Food Secure",-0.0341789963410851,0.109656956659317,67,-0.323092236315357,0.254734243633187,-0.311690178009158,0.989411459759622,0.966398507358181,0.723907080766696,1.29011871804734,"MPB"
"Female","Very Low Food Secure - Fully Food Secure",-0.302487220473973,0.125936348954597,67,-0.634291783681426,0.0293173427334805,-2.4019055894897,0.086474890149726,0.738977931986316,0.530310930209531,1.02975132673017,"MPB"
"Female","Very Low Food Secure - Marginally Food Secure",-0.140064813573233,0.142025303552448,67,-0.514258953714738,0.234129326568272,-0.986196192296879,0.757766382211924,0.86930189101111,0.597943534313459,1.26380792558138,"MPB"
"Female","Very Low Food Secure - Low Food Security",-0.105885817232148,0.159479208133928,67,-0.526065768729914,0.314294134265618,-0.663947472972319,0.910233484465915,0.899527352735155,0.59092523900106,1.36929243314528,"MPB"
"Male","Marginally Food Secure - Fully Food Secure",-0.0463464285649878,0.108698008099855,67,-0.332733126277618,0.240040269147643,-0.426377901262108,0.973767276492143,0.954711165676239,0.71696150681253,1.27130034347188,"PPB"
"Male","Low Food Security - Fully Food Secure",-0.0581088291237376,0.139698246576696,67,-0.426171871057236,0.30995421280976,-0.415959616872036,0.975561177522941,0.943547256427892,0.653004099970322,1.36336268815627,"PPB"
"Male","Low Food Security - Marginally Food Secure",-0.0117624005587498,0.15971598152235,67,-0.432566179024479,0.409041377906979,-0.0736457331735695,0.999855243186744,0.988306506041081,0.648841911988791,1.50537400842257,"PPB"
"Male","Very Low Food Secure - Fully Food Secure",0.0357073965230001,0.152628584068738,67,-0.366423212235219,0.437838005281219,0.233949602172283,0.995448046586845,1.03635256175904,0.693209364436521,1.5493538999398,"PPB"
"Male","Very Low Food Secure - Marginally Food Secure",0.0820538250879879,0.1870757685466,67,-0.410834798288586,0.574942448464562,0.438612791626984,0.971559631790422,1.08551423615641,0.66309646722396,1.77702825326657,"PPB"
"Male","Very Low Food Secure - Low Food Security",0.0938162256467377,0.211065780113039,67,-0.462278893512985,0.64991134480646,0.444488090852498,0.970460331325775,1.09835787736005,0.62984665529806,1.91537101389857,"PPB"
"Female","Marginally Food Secure - Fully Food Secure",-0.297178888010403,0.113829434831711,67,-0.597085358366341,0.00272758234553472,-2.61073850054481,0.0530134348075955,0.742911102585264,0.550413558718765,1.00273130558264,"PPB"
"Female","Low Food Security - Fully Food Secure",-0.260837485334602,0.13625001355113,67,-0.619815465946386,0.0981404952771827,-1.9144033716864,0.231855066112786,0.770406111733495,0.538043715822188,1.10311775705688,"PPB"
"Female","Low Food Security - Marginally Food Secure",0.0363414026758015,0.15553927471314,67,-0.373458004216672,0.446140809568275,0.233647757087884,0.995465393437613,1.0370098239918,0.688349893482329,1.56227143381276,"PPB"
"Female","Very Low Food Secure - Fully Food Secure",-0.594597039656431,0.1582400687134,67,-1.01151222988714,-0.177681849425721,-3.75756307799227,0.00200890266593567,0.551784868495435,0.363668612990431,0.837208739563499,"PPB"
"Female","Very Low Food Secure - Marginally Food Secure",-0.297418151646028,0.182956785294097,67,-0.779454487733819,0.184618184441764,-1.62561968482305,0.371417181714509,0.742733372236966,0.458656145626749,1.20275912030061,"PPB"
"Female","Very Low Food Secure - Low Food Security",-0.333759554321829,0.205913035973492,67,-0.876278735853262,0.208759627209603,-1.62087627305343,0.374023115627159,0.716225974965153,0.416329303942028,1.23214878788886,"PPB"
