"RACEETH","contrast","estimate","SE","df","lower.CL","upper.CL","t.ratio","p.value","exp.estimate","exp.lower.CL","exp.upper.CL","model"
"NH White","Marginally Food Secure - Fully Food Secure",0.0363774724369392,0.0712701040435854,58,-0.152139773903338,0.224894718777216,0.510416996370491,0.956289160430652,1.03704722936304,0.858868224986729,1.2521908770652,"BPA"
"NH White","Low Food Security - Fully Food Secure",0.073851799496475,0.0670200935078051,58,-0.103423702582667,0.251127301575617,1.10193519034518,0.689780472749012,1.07664723401003,0.90174482091819,1.2854737167452,"BPA"
"NH White","Low Food Security - Marginally Food Secure",0.0374743270595357,0.103332368595331,58,-0.235851127516724,0.310799781635795,0.362658163835306,0.983519492338519,1.03818534346917,0.78989825929537,1.36451599267441,"BPA"
"NH White","Very Low Food Secure - Fully Food Secure",0.0902622948294463,0.0882040661650818,58,-0.143047139646585,0.323571729305478,1.02333485012485,0.736521497541906,1.09446131760445,0.866713211378017,1.38205528657855,"BPA"
"NH White","Very Low Food Secure - Marginally Food Secure",0.0538848223925071,0.12357045272465,58,-0.272972585622868,0.380742230407883,0.436065590150241,0.971993927551837,1.05536304096456,0.761113652799648,1.46337034441181,"BPA"
"NH White","Very Low Food Secure - Low Food Security",0.0164104953329713,0.0875787764780492,58,-0.215244979301886,0.248065969967829,0.187379819551196,0.997639400081948,1.01654588711297,0.806343878418629,1.28154447285306,"BPA"
"NH Black","Marginally Food Secure - Fully Food Secure",-0.0402095672046121,0.051139925573468,58,-0.175480282415875,0.0950611480066505,-0.786265657482172,0.860390187984606,0.960588110292039,0.83905394112703,1.09972609912899,"BPA"
"NH Black","Low Food Security - Fully Food Secure",0.00266626131788897,0.0573800260972649,58,-0.149110204564276,0.154442727200054,0.046466714974465,0.999963531872814,1.00266981895376,0.861474171281763,1.16700743835991,"BPA"
"NH Black","Low Food Security - Marginally Food Secure",0.0428758285225011,0.0626278192302748,58,-0.122781626086627,0.208533283131629,0.684613148748672,0.902549903521985,1.04380827558747,0.884456783762817,1.23186992986766,"BPA"
"NH Black","Very Low Food Secure - Fully Food Secure",-0.0151041728744992,0.0588622839352819,58,-0.170801373400441,0.140593027651443,-0.256601882643663,0.994010425677519,0.985009323005636,0.842988996881614,1.15095614533185,"BPA"
"NH Black","Very Low Food Secure - Marginally Food Secure",0.025105394330113,0.0642123061426366,58,-0.144743202043,0.194953990703226,0.390974812123172,0.979520411405724,1.02542318861949,0.865244457592843,1.21525507217218,"BPA"
"NH Black","Very Low Food Secure - Low Food Security",-0.0177704341923881,0.0731240351528764,58,-0.211191531766197,0.175650663381421,-0.243017691176868,0.99489864751641,0.982386528831049,0.809618984276122,1.19202156912315,"BPA"
"Mexican-American","Marginally Food Secure - Fully Food Secure",-0.0105884649940243,0.0764663040841236,58,-0.212850230669876,0.191673300681828,-0.138472299934564,0.999041339324032,0.989467395468744,0.808277183284063,1.2112747296884,"BPA"
"Mexican-American","Low Food Security - Fully Food Secure",-0.00537164568235074,0.0601028241883567,58,-0.164350211313932,0.153606919949231,-0.0893742641030728,0.999741102923427,0.99464275580821,0.8484448348637,1.16603245258801,"BPA"
"Mexican-American","Low Food Security - Marginally Food Secure",0.00521681931167359,0.0760166739003717,58,-0.195855625185967,0.206289263809314,0.068627302985011,0.99988263418317,1.00523045060723,0.822130921109161,1.22910868923984,"BPA"
"Mexican-American","Very Low Food Secure - Fully Food Secure",-0.126837982784706,0.131467004879052,58,-0.474582637812093,0.220906672242681,-0.964789476275019,0.769848506475915,0.880876378174275,0.6221446619438,1.24720702609761,"BPA"
"Mexican-American","Very Low Food Secure - Marginally Food Secure",-0.116249517790681,0.117527145693517,58,-0.427121715519267,0.194622679937904,-0.989129082517096,0.756171557320239,0.890253061604899,0.652384142120658,1.21485251177414,"BPA"
"Mexican-American","Very Low Food Secure - Low Food Security",-0.121466337102355,0.128604967269651,58,-0.461640588574324,0.218707914369614,-0.944491800597965,0.781042339827409,0.885620865411629,0.630248817866257,1.24446773245496,"BPA"
"Other Hispanic","Marginally Food Secure - Fully Food Secure",-0.0895654911632743,0.0937706042261426,58,-0.337599029679869,0.15846804735332,-0.95515531655606,0.77518646003453,0.914328382734042,0.71348131538162,1.17171448424813,"BPA"
"Other Hispanic","Low Food Security - Fully Food Secure",-0.0759862523596429,0.0792972681835808,58,-0.28573622874712,0.133763724027835,-0.958245524722585,0.773479111926079,0.92682894818285,0.751460803565285,1.14312269530782,"BPA"
"Other Hispanic","Low Food Security - Marginally Food Secure",0.0135792388036314,0.0927647663227425,58,-0.231793748078329,0.258952225685592,0.146383582279367,0.998868464734853,1.01367185541307,0.793109686835463,1.29557190828984,"BPA"
"Other Hispanic","Very Low Food Secure - Fully Food Secure",0.0178446281064649,0.153728897494011,58,-0.388785175896269,0.424474432109199,0.116078553852636,0.999434012365907,1.01800479476903,0.677879879310728,1.52878672726868,"BPA"
"Other Hispanic","Very Low Food Secure - Marginally Food Secure",0.107410119269739,0.151411717811833,58,-0.293090490187515,0.507910728726993,0.709391061814799,0.892978408626512,1.11339078387239,0.745954636068119,1.66181558190461,"BPA"
"Other Hispanic","Very Low Food Secure - Low Food Security",0.0938308804661078,0.152763700792149,58,-0.310245872340005,0.497907633272221,0.6142223576645,0.927150314960095,1.09837397371429,0.733266644072686,1.64527514770374,"BPA"
"Other","Marginally Food Secure - Fully Food Secure",-0.0479043474497766,0.106897963083564,58,-0.330661190733939,0.234852495834386,-0.448131527186622,0.96972936620413,0.953224961115388,0.718448544833433,1.26472220318032,"BPA"
"Other","Low Food Security - Fully Food Secure",0.306548273048358,0.181087949555274,58,-0.172449226024884,0.785545772121601,1.6928143137144,0.336732145505899,1.35872705579103,0.841601019156174,2.19360382190315,"BPA"
"Other","Low Food Security - Marginally Food Secure",0.354452620498135,0.182535424243443,58,-0.128373607970451,0.837278848966721,1.9418292200938,0.222236280802477,1.42540020584559,0.87952472030797,2.3100723605736,"BPA"
"Other","Very Low Food Secure - Fully Food Secure",0.221266772563841,0.141862589990694,58,-0.153975345890065,0.596508891017747,1.55972601782018,0.409384446507173,1.24765622662203,0.857293156550645,1.81576867601738,"BPA"
"Other","Very Low Food Secure - Marginally Food Secure",0.269171120013618,0.152155934735494,58,-0.133298024876705,0.67164026490394,1.76904778956892,0.298531691174414,1.30887909729317,0.875204220607665,1.95744541787233,"BPA"
"Other","Very Low Food Secure - Low Food Security",-0.0852815004845173,0.211858133997241,58,-0.645669514111165,0.47510651314213,-0.402540600521044,0.977728129097471,0.918253759137564,0.524311390694582,1.60818548125237,"BPA"
"NH White","Marginally Food Secure - Fully Food Secure",-0.36469146523281,0.128623421332478,58,-0.704914529726097,-0.0244684007395224,-2.83534259511042,0.0311012958717787,0.694410867725015,0.494150807656145,0.975828523890931,"BP3"
"NH White","Low Food Security - Fully Food Secure",-0.341794947219111,0.124625195321234,58,-0.671442265149366,-0.0121476292888566,-2.74258304139946,0.0393381363397247,0.710493878518852,0.510971090292264,0.98792585530431,"BP3"
"NH White","Low Food Security - Marginally Food Secure",0.0228965180136985,0.188855979639583,58,-0.476648273092214,0.522441309119611,0.121237982813119,0.99935544845358,1.02316065537184,0.620860864366015,1.68613901565516,"BP3"
"NH White","Very Low Food Secure - Fully Food Secure",-0.442700838775611,0.184340260759229,58,-0.930301057890293,0.0448993803390713,-2.40154178448208,0.0880561326608377,0.642299329402397,0.394434944742511,1.04592261423511,"BP3"
"NH White","Very Low Food Secure - Marginally Food Secure",-0.078009373542801,0.212069930410574,58,-0.638957611925145,0.482938864839543,-0.367847404824306,0.98282721782446,0.924955756390533,0.527842353948225,1.6208308122313,"BP3"
"NH White","Very Low Food Secure - Low Food Security",-0.100905891556499,0.189974522774163,58,-0.603409352001733,0.401597568888734,-0.531154862678369,0.951148556696259,0.904018104619539,0.546943730027906,1.49420989511701,"BP3"
"NH Black","Marginally Food Secure - Fully Food Secure",-0.157365931457588,0.137164254812886,58,-0.520180437773277,0.205448574858102,-1.14728091274407,0.662042015301395,0.854391352933585,0.594413283683906,1.22807582536441,"BP3"
"NH Black","Low Food Security - Fully Food Secure",-0.0320882262474258,0.130110994653753,58,-0.376246085421026,0.312069632926174,-0.246621942540811,0.994671973944279,0.968421138147108,0.686433391006036,1.36624982569051,"BP3"
"NH Black","Low Food Security - Marginally Food Secure",0.125277705210162,0.159015206221169,58,-0.29533496549274,0.545890375913063,0.787834749815793,0.859681115553427,1.13346317799448,0.744282236840113,1.72614461595077,"BP3"
"NH Black","Very Low Food Secure - Fully Food Secure",0.0951229144062882,0.159675227070714,58,-0.32723558387401,0.517481412686587,0.595727440952141,0.932967185391586,1.09979402734854,0.720913887333355,1.67779664651156,"BP3"
"NH Black","Very Low Food Secure - Marginally Food Secure",0.252488845863876,0.170689860191376,58,-0.199004565760815,0.703982257488567,1.4792258050993,0.456444065873576,1.28722513819031,0.819546151472679,2.021787977909,"BP3"
"NH Black","Very Low Food Secure - Low Food Security",0.127211140653714,0.203043724915702,58,-0.409861793663489,0.664284074970917,0.626520916647529,0.92313235769121,1.1356567757833,0.663741977144596,1.94309891010788,"BP3"
"Mexican-American","Marginally Food Secure - Fully Food Secure",-0.00551526418113474,0.161427166464103,58,-0.432507834413886,0.421477306051617,-0.0341656506890443,0.999985498046762,0.99449991696619,0.648879769521863,1.5242116202429,"BP3"
"Mexican-American","Low Food Security - Fully Food Secure",-3.03363292717962e-05,0.12465948764394,58,-0.329768361216306,0.329707688557762,-0.000243353553308712,0.999999999994777,0.99996966413087,0.719090283340072,1.39056159198457,"BP3"
"Mexican-American","Low Food Security - Marginally Food Secure",0.00548492785186294,0.177521480264626,58,-0.464078868565088,0.475048724268814,0.0308972629322758,0.999989273603235,1.00549999760821,0.62871396674326,1.60809254871059,"BP3"
"Mexican-American","Very Low Food Secure - Fully Food Secure",0.0287411995421277,0.197867023098495,58,-0.494638790379939,0.552121189464194,0.145255126862755,0.998894288973956,1.02915821339,0.609791129943009,1.73693347800431,"BP3"
"Mexican-American","Very Low Food Secure - Marginally Food Secure",0.0342564637232624,0.225669978576109,58,-0.562665394519293,0.631178321965818,0.15179894082238,0.998738982139014,1.0348499741755,0.569688593567399,1.87982431304257,"BP3"
"Mexican-American","Very Low Food Secure - Low Food Security",0.0287715358713995,0.205335870229682,58,-0.514364374340144,0.571907446082943,0.140119385079755,0.999006901281937,1.029189434746,0.597880502054623,1.77164314432856,"BP3"
"Other Hispanic","Marginally Food Secure - Fully Food Secure",0.334123004516578,0.253535447297492,58,-0.336506076436411,1.00475208546957,1.3178551878173,0.555490491009182,1.39671493525412,0.714261543398116,2.73123007726397,"BP3"
"Other Hispanic","Low Food Security - Fully Food Secure",0.00515621115210035,0.188579433210148,58,-0.493657084299894,0.503969506604094,0.0273423833359092,0.999992565728914,1.00516952728592,0.610390059541144,1.65527888731302,"BP3"
"Other Hispanic","Low Food Security - Marginally Food Secure",-0.328966793364478,0.266589135654743,58,-1.03412431252752,0.376190725798565,-1.23398424529393,0.608069166148178,0.719666914067211,0.355537584455251,1.45672494230553,"BP3"
"Other Hispanic","Very Low Food Secure - Fully Food Secure",-0.107948255774996,0.261111502208907,58,-0.798616833361093,0.5827203218111,-0.413418232677588,0.975956288124416,0.897674044676458,0.449950890965364,1.790903644522,"BP3"
"Other Hispanic","Very Low Food Secure - Marginally Food Secure",-0.442071260291574,0.332628505915877,58,-1.32191016092224,0.437767640339096,-1.32902397849021,0.548509440521792,0.642703834561011,0.266625517591184,1.54924488357781,"BP3"
"Other Hispanic","Very Low Food Secure - Low Food Security",-0.113104466927097,0.321176587697266,58,-0.962651787141855,0.736442853287662,-0.352156636752448,0.984865949244597,0.893057360284577,0.381878880600787,2.08849320890361,"BP3"
"Other","Marginally Food Secure - Fully Food Secure",-0.389388831752096,0.200788559844509,58,-0.920496606975326,0.141718943471134,-1.93929789652179,0.223247895311053,0.677470796637033,0.39832118288186,1.15225275486326,"BP3"
"Other","Low Food Security - Fully Food Secure",-0.256593086427516,0.197275278973635,58,-0.778407848201627,0.265221675346596,-1.30068545720728,0.566239693747329,0.773682971823478,0.459136444586539,1.30371994631933,"BP3"
"Other","Low Food Security - Marginally Food Secure",0.13279574532458,0.240699619993185,58,-0.503881163811352,0.769472654460512,0.551707332684365,0.945720065369245,1.14201671225393,0.604181177178247,2.15862761094014,"BP3"
"Other","Very Low Food Secure - Fully Food Secure",-0.0637112862041437,0.278369030830579,58,-0.800027920826982,0.672605348418695,-0.228873470637327,0.995727373951597,0.93827585361245,0.449316418656097,1.95933542803828,"BP3"
"Other","Very Low Food Secure - Marginally Food Secure",0.325677545547952,0.338674022896463,58,-0.570152410928328,1.22150750202423,0.961625408298635,0.77160647856296,1.38496870753699,0.565439253010419,3.39229777671864,"BP3"
"Other","Very Low Food Secure - Low Food Security",0.192881800223372,0.290557612635513,58,-0.57567497084229,0.961438571289034,0.663833235941853,0.910214280061644,1.21273943951622,0.56232518757899,2.61545628871822,"BP3"
"NH White","Marginally Food Secure - Fully Food Secure",-0.238355331328419,0.140039374334129,58,-0.608774844291952,0.132064181635114,-1.70205938481067,0.331959021903672,0.787922667737963,0.5440169664464,1.14118155981533,"TRS"
"NH White","Low Food Security - Fully Food Secure",-0.25127274776087,0.112024943336292,58,-0.547591016445706,0.0450455209239662,-2.24300713999528,0.1238668890034,0.777810196635641,0.578341348408511,1.04607547714718,"TRS"
"NH White","Low Food Security - Marginally Food Secure",-0.0129174164324508,0.163773854998481,58,-0.446117235363041,0.420282402498139,-0.0788734956050865,0.999821932208034,0.987165655315701,0.640108724283929,1.52239142205883,"TRS"
"NH White","Very Low Food Secure - Fully Food Secure",-0.356208948026509,0.131928482914336,58,-0.705174263099589,-0.00724363295342895,-2.70001549443877,0.0437212504152238,0.70032627315363,0.494022476866475,0.992782538924467,"TRS"
"NH White","Very Low Food Secure - Marginally Food Secure",-0.11785361669809,0.168477311907312,58,-0.563494595307508,0.327787361911328,-0.699522181140492,0.896846574950754,0.888826152399179,0.569216403133971,1.38789382182086,"TRS"
"NH White","Very Low Food Secure - Low Food Security",-0.104936200265639,0.167144432053942,58,-0.547051565393335,0.337179164862057,-0.627817504754053,0.922701799265911,0.900381964884027,0.57865341942349,1.40099004944291,"TRS"
"NH Black","Marginally Food Secure - Fully Food Secure",0.0430034708285285,0.154822964169715,58,-0.366520259593765,0.452527201250822,0.277758994340068,0.992436927775507,1.04394151818633,0.693142093563066,1.57228063843452,"TRS"
"NH Black","Low Food Security - Fully Food Secure",-0.0559000894391933,0.125330757082988,58,-0.387413695657277,0.27561351677889,-0.44602051994451,0.970133357708909,0.945633609955128,0.678810215992974,1.3173386363502,"TRS"
"NH Black","Low Food Security - Marginally Food Secure",-0.0989035602677218,0.175022724370268,58,-0.561857873131895,0.364050752596451,-0.565089822613475,0.9420057554229,0.905830061819944,0.570148815085212,1.43914725276433,"TRS"
"NH Black","Very Low Food Secure - Fully Food Secure",-0.10458966267798,0.148122408846889,58,-0.496389688955863,0.287210363599902,-0.70610290159467,0.894275398123017,0.900694035147025,0.608724381678512,1.33270453651367,"TRS"
"NH Black","Very Low Food Secure - Marginally Food Secure",-0.147593133506509,0.170812092237665,58,-0.599409862307317,0.304223595294299,-0.864067242389083,0.823262034051602,0.862782080658913,0.549135606110726,1.35557212175389,"TRS"
"NH Black","Very Low Food Secure - Low Food Security",-0.048689573238787,0.165382059183761,58,-0.48614326872295,0.388764122245376,-0.294406621123799,0.991027397233668,0.952476758085793,0.614993691640745,1.47515655367662,"TRS"
"Mexican-American","Marginally Food Secure - Fully Food Secure",-0.0866706764578767,0.162385126098603,58,-0.516197155049885,0.342855802134131,-0.533735315174426,0.950485279488795,0.916979028695374,0.596785721756288,1.40896557744807,"TRS"
"Mexican-American","Low Food Security - Fully Food Secure",0.073338839952694,0.188450547965503,58,-0.425133539883413,0.571811219788801,0.3891675601077,0.9797920337169,1.07609509915958,0.653682486618008,1.77147267387624,"TRS"
"Mexican-American","Low Food Security - Marginally Food Secure",0.160009516410571,0.225546237618549,58,-0.43658503341997,0.756604066241111,0.70943110423852,0.892962563984002,1.17352203865621,0.646239543591264,2.1310270918408,"TRS"
"Mexican-American","Very Low Food Secure - Fully Food Secure",-0.0119573577477076,0.245060696233303,58,-0.660169792121043,0.636255076625628,-0.048793453750429,0.999957778440239,0.988113847363542,0.516763584657178,1.8893919856975,"TRS"
"Mexican-American","Very Low Food Secure - Marginally Food Secure",0.074713318710169,0.269043753970423,58,-0.636936935266414,0.786363572686752,0.277699510237961,0.99244168806268,1.07757518595532,0.528910031024122,2.19539848608709,"TRS"
"Mexican-American","Very Low Food Secure - Low Food Security",-0.0852961977004016,0.231482486091467,58,-0.6975927761827,0.527000380781897,-0.368477974902595,0.982741870522235,0.918240263463004,0.497782135705219,1.69384379423355,"TRS"
"Other Hispanic","Marginally Food Secure - Fully Food Secure",-0.161566226476021,0.268392240154207,58,-0.871493154911919,0.548360701959877,-0.601978009435711,0.931031648230057,0.850810183439316,0.418326456480329,1.73041402720385,"TRS"
"Other Hispanic","Low Food Security - Fully Food Secure",0.0609837081886959,0.298493419355677,58,-0.728564142523196,0.850531558900588,0.204305033994834,0.996948172272509,1.06288159777971,0.482601439727289,2.34089084263224,"TRS"
"Other Hispanic","Low Food Security - Marginally Food Secure",0.222549934664717,0.313603534278464,58,-0.606965828194279,1.05206569752371,0.709653783643598,0.892874428524966,1.24925819938252,0.545001992591557,2.86356026205219,"TRS"
"Other Hispanic","Very Low Food Secure - Fully Food Secure",-0.301513196715194,0.223817150488755,58,-0.893534121338286,0.290507727907898,-1.34714071757581,0.537210127899254,0.73969806470554,0.409207007023355,1.33710620184442,"TRS"
"Other Hispanic","Very Low Food Secure - Marginally Food Secure",-0.139946970239173,0.292265990169597,58,-0.913022587358969,0.633128646880623,-0.478834263808677,0.963474987299084,0.869404338480509,0.401309396288778,1.88349415876826,"TRS"
"Other Hispanic","Very Low Food Secure - Low Food Security",-0.36249690490389,0.291152018041113,58,-1.13262594349711,0.407632133689332,-1.24504342213662,0.601136979072409,0.695936467665563,0.322186102119668,1.50325406291712,"TRS"
"Other","Marginally Food Secure - Fully Food Secure",-0.151661992542037,0.248708607652055,58,-0.809523552937915,0.506199567853841,-0.609797923657768,0.9285665216179,0.85927867426114,0.445070068041449,1.65897437967277,"TRS"
"Other","Low Food Security - Fully Food Secure",-0.34555350897096,0.226050372598544,58,-0.943481551147104,0.252374533205185,-1.52865710858459,0.427303880966203,0.707828455618233,0.389270209263919,1.28707800047244,"TRS"
"Other","Low Food Security - Marginally Food Secure",-0.193891516428922,0.299769097249535,58,-0.986813675162313,0.599030642304469,-0.646802883312291,0.916245760076588,0.823747262466239,0.372762543313764,1.82035337131355,"TRS"
"Other","Very Low Food Secure - Fully Food Secure",-0.953471314342658,0.296255038299497,58,-1.73709840152215,-0.169844227163163,-3.21841383632016,0.0110506546375176,0.385400851218201,0.176030429936567,0.843796246894574,"TRS"
"Other","Very Low Food Secure - Marginally Food Secure",-0.801809321800621,0.378685652301139,58,-1.80347442890814,0.199855785306901,-2.11734803504783,0.159740248627131,0.448516718455269,0.164725565547049,1.22122662663693,"TRS"
"Other","Very Low Food Secure - Low Food Security",-0.607917805371699,0.404873875213991,58,-1.67885363596599,0.46301802522259,-1.50149921392283,0.443223556605821,0.544483410011516,0.186587750970953,1.58886198174885,"TRS"
"NH White","Marginally Food Secure - Fully Food Secure",-0.28371832355891,0.0723560330595752,58,-0.475107971315778,-0.0923286758020416,-3.92114259947484,0.00131443490508909,0.752978711201314,0.621817914341988,0.911805411914469,"BUP"
"NH White","Low Food Security - Fully Food Secure",-0.259300405640944,0.0798223776667477,58,-0.470439354236646,-0.0481614570452419,-3.24846757538974,0.0101472005866021,0.771591197876308,0.624727731202149,0.95297990933518,"BUP"
"NH White","Low Food Security - Marginally Food Secure",0.0244179179179662,0.0968166550539263,58,-0.231672759310186,0.280508595146118,0.252207824205098,0.994307899326265,1.02471847662904,0.793205650004592,1.32380292089304,"BUP"
"NH White","Very Low Food Secure - Fully Food Secure",-0.402174415168367,0.103143559367245,58,-0.675000448616509,-0.129348381720224,-3.89917138438491,0.00141036913974224,0.668864075475776,0.509156192191624,0.878667800417698,"BUP"
"NH White","Very Low Food Secure - Marginally Food Secure",-0.118456091609457,0.115262622095751,58,-0.423338375914282,0.186426192695369,-1.02770602868164,0.733976957793741,0.888290818220691,0.654857007778852,1.20493568574844,"BUP"
"NH White","Very Low Food Secure - Low Food Security",-0.142874009527423,0.122020299294776,58,-0.465631091607732,0.179883072552886,-1.17090361483435,0.647431533449275,0.866863278529779,0.627738819455687,1.19707738373578,"BUP"
"NH Black","Marginally Food Secure - Fully Food Secure",-0.0476768104347868,0.101974890990448,58,-0.317411587777229,0.222057966907655,-0.46753480167243,0.96585970335987,0.953441879755228,0.728031044771902,1.24864375578379,"BUP"
"NH Black","Low Food Security - Fully Food Secure",-0.0334913916215106,0.121915689792237,58,-0.355971770087809,0.288988986844788,-0.274709446163862,0.992678484185099,0.96706323604193,0.70049239479493,1.33507702503705,"BUP"
"NH Black","Low Food Security - Marginally Food Secure",0.0141854188132762,0.14069852445651,58,-0.357977618558755,0.386348456185307,0.100821375832274,0.999628657215161,1.01428650930479,0.699088721444574,1.47159736868858,"BUP"
"NH Black","Very Low Food Secure - Fully Food Secure",-0.23521601503155,0.108290565838647,58,-0.521656445426426,0.0512244153633248,-2.17208224197501,0.143245651932954,0.790400092885386,0.593536572303576,1.05255907720829,"BUP"
"NH Black","Very Low Food Secure - Marginally Food Secure",-0.187539204596764,0.138372782787217,58,-0.553550400027805,0.178471990834278,-1.35531858808645,0.532121422266505,0.828996617065217,0.574905039782382,1.19538940094474,"BUP"
"NH Black","Very Low Food Secure - Low Food Security",-0.20172462341004,0.141291327869925,58,-0.575455690864499,0.17200644404442,-1.42772119457855,0.487514620040279,0.817319967741091,0.562448507753962,1.18768548668728,"BUP"
"Mexican-American","Marginally Food Secure - Fully Food Secure",-0.00751103036878631,0.139703833013037,58,-0.377042999715897,0.362020938978325,-0.0537639534062418,0.999943527646099,0.992517106929043,0.685886580333825,1.43622901481371,"BUP"
"Mexican-American","Low Food Security - Fully Food Secure",0.223738739664659,0.12663971077637,58,-0.111237192716335,0.558714672045653,1.76673444919464,0.299651372049654,1.25074420688773,0.894726501149028,1.74842375748815,"BUP"
"Mexican-American","Low Food Security - Marginally Food Secure",0.231249770033445,0.139911092195142,58,-0.138830422594851,0.601329962661742,1.65283371321916,0.357801706376613,1.26017395383508,0.870375611982267,1.82454376255742,"BUP"
"Mexican-American","Very Low Food Secure - Fully Food Secure",-0.0141389650583648,0.132212848612579,58,-0.363856458609444,0.335578528492715,-0.106940930527833,0.99955707369802,0.985960520681036,0.694990947550446,1.39874936755354,"BUP"
"Mexican-American","Very Low Food Secure - Marginally Food Secure",-0.00662793468957845,0.180891149015788,58,-0.485104874739089,0.471849005359932,-0.0366404587822038,0.999982114128365,0.993393981622852,0.615632629067236,1.6029553277897,"BUP"
"Mexican-American","Very Low Food Secure - Low Food Security",-0.237877704723024,0.150894175967773,58,-0.63700935920796,0.161253949761913,-1.576453850504,0.399874805648401,0.788299090454664,0.528871726662045,1.17498331766323,"BUP"
"Other Hispanic","Marginally Food Secure - Fully Food Secure",0.0891904517625969,0.238783338463459,58,-0.54241768243545,0.720798585960644,0.373520415354465,0.982049766024799,1.09328885528929,0.581341053924868,2.05607450743405,"BUP"
"Other Hispanic","Low Food Security - Fully Food Secure",-0.288861675876179,0.154005515224068,58,-0.696223164130805,0.118499812378447,-1.87565799481858,0.249724122457402,0.74911581902568,0.498464371209836,1.12580666287637,"BUP"
"Other Hispanic","Low Food Security - Marginally Food Secure",-0.378052127638776,0.242078611114978,58,-1.01837661962164,0.262272364344084,-1.56169157571387,0.408261883646938,0.685194782148822,0.361180798330149,1.29988053532906,"BUP"
"Other Hispanic","Very Low Food Secure - Fully Food Secure",-0.38629861368484,0.162817632722951,58,-0.816969119761305,0.0443718923916258,-2.37258463487282,0.09387366584811,0.6795675672034,0.441768575103809,1.04537104814716,"BUP"
"Other Hispanic","Very Low Food Secure - Marginally Food Secure",-0.475489065447437,0.247780033978573,58,-1.13089444657575,0.179916315680879,-1.91899669159201,0.231475901775563,0.621580988332295,0.322744449612578,1.19711717899392,"BUP"
"Other Hispanic","Very Low Food Secure - Low Food Security",-0.0974369378086606,0.186468946234683,58,-0.59066776360678,0.395793887989459,-0.522537075347818,0.95332571866602,0.907159547220968,0.553957248709562,1.48556309359825,"BUP"
"Other","Marginally Food Secure - Fully Food Secure",0.078795104197317,0.199994724389788,58,-0.450212889133075,0.607803097527709,0.393985913567131,0.979062811825628,1.08198260566223,0.637492421965547,1.83639258855206,"BUP"
"Other","Low Food Security - Fully Food Secure",-0.165150584548499,0.150480039986336,58,-0.563186803915461,0.232885634818462,-1.09749163120568,0.692472571575987,0.847766034010122,0.569391630008346,1.26223711509549,"BUP"
"Other","Low Food Security - Marginally Food Secure",-0.243945688745816,0.240469477927891,58,-0.880013846863372,0.39212246937174,-1.01445593365062,0.741667499551679,0.783530187614469,0.414777168279038,1.48011896954308,"BUP"
"Other","Very Low Food Secure - Fully Food Secure",0.0543126096933254,0.283755003468459,58,-0.696250513610607,0.804875732997257,0.191406703069335,0.997485422403004,1.05581460845177,0.498450738655007,2.23641856851917,"BUP"
"Other","Very Low Food Secure - Marginally Food Secure",-0.0244824945039916,0.341661637919458,58,-0.928215020575449,0.879250031567466,-0.0716571361452145,0.999866415396552,0.975814770890469,0.395258609554604,2.40909228558239,"BUP"
"Other","Very Low Food Secure - Low Food Security",0.219463194241825,0.276012225613575,58,-0.510619431947431,0.94954582043108,0.795121280421396,0.856366135202469,1.24540800892615,0.600123727846532,2.58453554946596,"BUP"
"NH White","Marginally Food Secure - Fully Food Secure",-0.104413666126213,0.099002554805453,58,-0.366286288076681,0.157458955824255,-1.05465627964241,0.718135581467818,0.900852568141629,0.693304288043957,1.17053271344532,"EPB"
"NH White","Low Food Security - Fully Food Secure",-0.186234192356389,0.109833615115979,58,-0.47675615742325,0.104287772710473,-1.69560286402059,0.335288466081167,0.830079174019117,0.620793886819975,1.10991981359519,"EPB"
"NH White","Low Food Security - Marginally Food Secure",-0.0818205262301757,0.131927619685777,58,-0.430783557968986,0.267142505508634,-0.620192545162677,0.925214776208456,0.921437317686166,0.649999582780388,1.3062265775508,"EPB"
"NH White","Very Low Food Secure - Fully Food Secure",-0.427362199300718,0.103896301028294,58,-0.702179317047825,-0.152545081553611,-4.11335336360371,0.000703171403432901,0.652227273178176,0.495504265363754,0.85852018966002,"EPB"
"NH White","Very Low Food Secure - Marginally Food Secure",-0.322948533174505,0.132757051371528,58,-0.674105502743539,0.0282084363945286,-2.43262809649723,0.0821455751554041,0.724011115962801,0.509612063384118,1.02861006185129,"EPB"
"NH White","Very Low Food Secure - Low Food Security",-0.24112800694433,0.116374405499313,58,-0.548951080358124,0.0666950664694648,-2.07200205156582,0.174461468507512,0.785741039641063,0.577555301869414,1.06896946383813,"EPB"
"NH Black","Marginally Food Secure - Fully Food Secure",-0.00218507162201746,0.133183102792966,58,-0.35446899395542,0.350098850711385,-0.0164065228711046,0.99999839357343,0.997817313909144,0.701545869416748,1.41920783136335,"EPB"
"NH Black","Low Food Security - Fully Food Secure",0.131429291285568,0.114038022673495,58,-0.170213793160472,0.433072375731609,1.15250412278602,0.65881965731218,1.14045726460427,0.843484466108402,1.54198781915862,"EPB"
"NH Black","Low Food Security - Marginally Food Secure",0.133614362907586,0.140546996237117,58,-0.238147865695521,0.505376591510692,0.950673913245109,0.777654228621137,1.14295196997165,0.788086151570952,1.65760964465376,"EPB"
"NH Black","Very Low Food Secure - Fully Food Secure",-0.0869220173072375,0.153683927243298,58,-0.493432870061825,0.31958883544735,-0.565589511319752,0.941864317029198,0.91674858336883,0.610526933027188,1.37656165460489,"EPB"
"NH Black","Very Low Food Secure - Marginally Food Secure",-0.08473694568522,0.159878599786513,58,-0.507633387116827,0.338159495746387,-0.530008054851429,0.951441648869161,0.918753934803245,0.601918402357552,1.40236415668685,"EPB"
"NH Black","Very Low Food Secure - Low Food Security",-0.218351308592806,0.156731387835647,58,-0.632923029040933,0.196220411855321,-1.39315622485124,0.508697069206704,0.803842995105066,0.531037292748805,1.21679507183902,"EPB"
"Mexican-American","Marginally Food Secure - Fully Food Secure",-0.229867747879852,0.106321248831559,58,-0.511099118679132,0.0513636229194275,-2.1620113609089,0.146177905829444,0.794638688205544,0.59983592548991,1.0527056115842,"EPB"
"Mexican-American","Low Food Security - Fully Food Secure",0.151718372359896,0.112822429007288,58,-0.146709333440397,0.450146078160189,1.34475364247028,0.538696965051554,1.16383242289487,0.863544944578775,1.56854129838261,"EPB"
"Mexican-American","Low Food Security - Marginally Food Secure",0.381586120239748,0.128644229452329,58,0.0413080159859828,0.721864224493514,2.96621249055831,0.022089066849496,1.46460578898195,1.04217306207635,2.0582667074946,"EPB"
"Mexican-American","Very Low Food Secure - Fully Food Secure",-0.0571142331117647,0.144228970373382,58,-0.438615687363262,0.324387221139733,-0.395996955146435,0.978753669317872,0.944486171609491,0.644928586214626,1.38318280105619,"EPB"
"Mexican-American","Very Low Food Secure - Marginally Food Secure",0.172753514768088,0.166218209017151,58,-0.266911888784052,0.612418918320228,1.03931762825252,0.727183228207119,1.1885731032582,0.765740538822991,1.84488864068799,"EPB"
"Mexican-American","Very Low Food Secure - Low Food Security",-0.20883260547166,0.16171384997789,58,-0.636583485058883,0.218918274115562,-1.29137118125759,0.572077504864045,0.811531070134837,0.52909700742583,1.24472954590754,"EPB"
"Other Hispanic","Marginally Food Secure - Fully Food Secure",-0.176878633368209,0.219546941987416,58,-0.757604387894751,0.403847121158332,-0.80565291307199,0.851510847117723,0.837881469204063,0.468788117394761,1.49757498192808,"EPB"
"Other Hispanic","Low Food Security - Fully Food Secure",-0.282399798589035,0.176912445501129,58,-0.750352631221373,0.185553034043303,-1.59626869545044,0.388742350883287,0.753972187251376,0.472200010912236,1.20388404492071,"EPB"
"Other Hispanic","Low Food Security - Marginally Food Secure",-0.105521165220826,0.216381374573944,58,-0.677873646550973,0.466831316109322,-0.487662884241296,0.961543806513056,0.899855427006406,0.507695385270559,1.59493234133171,"EPB"
"Other Hispanic","Very Low Food Secure - Fully Food Secure",-0.468589101818932,0.249242280249776,58,-1.12786228480074,0.190684081162877,-1.88005462536027,0.247830525286914,0.625884705214131,0.323724548153536,1.21007710553723,"EPB"
"Other Hispanic","Very Low Food Secure - Marginally Food Secure",-0.291710468450723,0.262364210778283,58,-0.985692597674422,0.402271660772975,-1.11185312808247,0.683753632425436,0.746984780327799,0.373180673343691,1.49521746944135,"EPB"
"Other Hispanic","Very Low Food Secure - Low Food Security",-0.186189303229898,0.223612926209209,58,-0.777670032222122,0.405291425762327,-0.832641056965114,0.83873143202174,0.830116436384488,0.459475327793477,1.4997394991041,"EPB"
"Other","Marginally Food Secure - Fully Food Secure",-0.134534052300421,0.175020634107431,58,-0.597482836190005,0.328414731589163,-0.768675379257521,0.86822187431871,0.874123112466937,0.550194825009109,1.3887648175103,"EPB"
"Other","Low Food Security - Fully Food Secure",0.0192428891297658,0.214632138635019,58,-0.548482671181662,0.586968449441194,0.0896552084517423,0.999738658923609,1.01942922682692,0.577825897442501,1.79852781453492,"EPB"
"Other","Low Food Security - Marginally Food Secure",0.153776941430187,0.240807705094812,58,-0.483185864660754,0.790739747521128,0.638588127276248,0.919073990404188,1.16623072000683,0.616815168576685,2.20502698632735,"EPB"
"Other","Very Low Food Secure - Fully Food Secure",-0.240042816030908,0.214209938604971,58,-0.806651610930843,0.326565978869027,-1.12059607315222,0.678421038734961,0.786594181504758,0.446350120704627,1.38619970663475,"EPB"
"Other","Very Low Food Secure - Marginally Food Secure",-0.105508763730487,0.237049039380704,58,-0.732529486533546,0.521511959072572,-0.44509255977637,0.970309896025279,0.899866586623988,0.48069154818995,1.68457273020811,"EPB"
"Other","Very Low Food Secure - Low Food Security",-0.259285705160674,0.261066045708978,58,-0.949834045316085,0.431262634994737,-0.993180497511774,0.753869461634018,0.771602540720861,0.386805210264709,1.53919974459353,"EPB"
"NH White","Marginally Food Secure - Fully Food Secure",-0.246729051984677,0.0948208395576668,58,-0.497540578205444,0.00408247423609029,-2.60205512981801,0.0554558613781989,0.78135237072744,0.60802421031881,1.00409081888578,"MPB"
"NH White","Low Food Security - Fully Food Secure",-0.155757611001121,0.164915945189981,58,-0.591978383820626,0.280463161818384,-0.944466654341336,0.781056082530894,0.855766593641774,0.553231696707215,1.32374277748735,"MPB"
"NH White","Low Food Security - Marginally Food Secure",0.0909714409835561,0.163030522273633,58,-0.340262181316855,0.522205063283967,0.558002512136152,0.943990517718729,1.09523772589959,0.711583734343157,1.68574071938417,"MPB"
"NH White","Very Low Food Secure - Fully Food Secure",-0.361307215329438,0.170429929470656,58,-0.812113081673159,0.0894986510142838,-2.11997515020768,0.158917004205058,0.696764908721757,0.443919037267892,1.09362585802569,"MPB"
"NH White","Very Low Food Secure - Marginally Food Secure",-0.11457816334476,0.194996507025167,58,-0.630365323243899,0.401208996554378,-0.587590850178523,0.935440289053779,0.891742234138316,0.532397268378288,1.49362939927966,"MPB"
"NH White","Very Low Food Secure - Low Food Security",-0.205549604328317,0.24264377510308,58,-0.847369017080514,0.436269808423881,-0.847124984933141,0.831678515700437,0.814199705735913,0.428540933930686,1.54692611214515,"MPB"
"NH Black","Marginally Food Secure - Fully Food Secure",0.152792126347755,0.105643502510976,58,-0.126646531058047,0.432230783753557,1.44629932476804,0.476232922175329,1.16508276375926,0.881045039622597,1.5406906405039,"MPB"
"NH Black","Low Food Security - Fully Food Secure",0.104131797281086,0.109692602792016,58,-0.186017174714275,0.394280769276447,0.949305555986544,0.778405784168698,1.10974670687623,0.830259335392622,1.48331696004387,"MPB"
"NH Black","Low Food Security - Marginally Food Secure",-0.0486603290666685,0.128602435569718,58,-0.388827883914488,0.291507225781151,-0.378377974344729,0.981366781925235,0.952504612887338,0.677850929022701,1.33844330475392,"MPB"
"NH Black","Very Low Food Secure - Fully Food Secure",0.0905304554405692,0.131238273699755,58,-0.256609180516734,0.437670091397872,0.689817481504547,0.900578311974507,1.09475484837516,0.773670520200902,1.54909376375063,"MPB"
"NH Black","Very Low Food Secure - Marginally Food Secure",-0.0622616709071857,0.142864100722173,58,-0.440152895151133,0.315629553336761,-0.435810470177289,0.972040647449461,0.93963697895832,0.643937958564618,1.37112223387794,"MPB"
"NH Black","Very Low Food Secure - Low Food Security",-0.0136013418405171,0.145209039397647,58,-0.397695186213473,0.370492502532438,-0.0936673219307691,0.999702066364134,0.986490738464759,0.671866790713643,1.44844780323652,"MPB"
"Mexican-American","Marginally Food Secure - Fully Food Secure",-0.118859674175055,0.140977733691065,58,-0.491761250612763,0.254041902262652,-0.843109553991849,0.833647136861844,0.887932391865455,0.611548355199349,1.28922582461513,"MPB"
"Mexican-American","Low Food Security - Fully Food Secure",0.212547961593458,0.123509235351749,58,-0.114147519752629,0.539243442939546,1.72090743650166,0.322346205779501,1.23682543226132,0.892126339917691,1.71470909605645,"MPB"
"Mexican-American","Low Food Security - Marginally Food Secure",0.331407635768514,0.171497680797484,58,-0.122222550009156,0.785037821546184,1.93243217183713,0.226007688538707,1.39292748365997,0.884951400643525,2.19248986252168,"MPB"
"Mexican-American","Very Low Food Secure - Fully Food Secure",0.349403493084684,0.142174165230134,58,-0.026662776069651,0.725469762239019,2.4575737266972,0.0776445841338173,1.41822131740369,0.973689537579385,2.06570126052554,"MPB"
"Mexican-American","Very Low Food Secure - Marginally Food Secure",0.468263167259739,0.19642303560726,58,-0.0512973172855555,0.987823651805034,2.38395240055252,0.091553302721403,1.59721768278343,0.949996178254583,2.68538377794655,"MPB"
"Mexican-American","Very Low Food Secure - Low Food Security",0.136855531491226,0.164373864326246,58,-0.29793137795602,0.571642440938471,0.832586932552718,0.838757536939933,1.1466624799352,0.74235227973074,1.77117371198488,"MPB"
"Other Hispanic","Marginally Food Secure - Fully Food Secure",0.266577980775809,0.192971159897534,58,-0.243851913710174,0.777007875261792,1.3814394903226,0.515927193379283,1.30548938844142,0.783603666630934,2.1749547837885,"MPB"
"Other Hispanic","Low Food Security - Fully Food Secure",-0.236121393571901,0.191203054572702,58,-0.741874455442724,0.269631668298922,-1.23492479813977,0.607479808907331,0.789684805454802,0.476220424411536,1.30948203814814,"MPB"
"Other Hispanic","Low Food Security - Marginally Food Secure",-0.50269937434771,0.218316260975431,58,-1.08016984254324,0.0747710938478221,-2.30261993358471,0.109235418370454,0.60489561420149,0.339537852774982,1.07763744480851,"MPB"
"Other Hispanic","Very Low Food Secure - Fully Food Secure",0.0619298662087578,0.208555714288354,58,-0.489722884882024,0.613582617299539,0.296946388738752,0.990798579739748,1.06388772763168,0.612796185744733,1.84703678537057,"MPB"
"Other Hispanic","Very Low Food Secure - Marginally Food Secure",-0.204648114567051,0.265778323858424,58,-0.907660947550757,0.498364718416655,-0.76999550450948,0.867641655846483,0.81493402937715,0.403466851303281,1.64602735042951,"MPB"
"Other Hispanic","Very Low Food Secure - Low Food Security",0.298051259780659,0.253584695730025,58,-0.372708088680877,0.968810608242195,1.1753519230434,0.64467043352538,1.34723084486722,0.68886629136471,2.63480877510481,"MPB"
"Other","Marginally Food Secure - Fully Food Secure",-0.0194437947854395,0.174412806228382,58,-0.480784807232218,0.441897217661339,-0.111481462892003,0.999498422665692,0.980744016567477,0.618297956636507,1.55565583827148,"MPB"
"Other","Low Food Security - Fully Food Secure",-0.210905012771662,0.15916758246674,58,-0.63192073536579,0.210110709822466,-1.32505004789988,0.550992167535181,0.809850988728708,0.531569814895802,1.23381464779641,"MPB"
"Other","Low Food Security - Marginally Food Secure",-0.191461217986222,0.235227116915331,58,-0.813662755931525,0.43074031995908,-0.813941948942638,0.847636953551387,0.825751648797328,0.443231640121436,1.53839600734435,"MPB"
"Other","Very Low Food Secure - Fully Food Secure",-0.291411782230316,0.342840267592997,58,-1.19826191313051,0.615438348669874,-0.849992867746403,0.830266308804154,0.747207927712403,0.301718168826507,1.85046757179978,"MPB"
"Other","Very Low Food Secure - Marginally Food Secure",-0.271967987444877,0.373725059517908,58,-1.26051178226782,0.716575807378069,-0.727722106180693,0.885599326241376,0.761878650381746,0.283508894539961,2.04741046607868,"MPB"
"Other","Very Low Food Secure - Low Food Security",-0.0805067694586543,0.363422732187048,58,-1.04179977791931,0.880786239002002,-0.2215237582255,0.996120876852301,0.922648657730675,0.352819114138739,2.41279599516671,"MPB"
"NH White","Marginally Food Secure - Fully Food Secure",-0.392895993833009,0.119392289006234,58,-0.708701700303611,-0.0770902873624078,-3.29079873669642,0.00898997384200972,0.675098958389893,0.492282913505967,0.925806261227458,"PPB"
"NH White","Low Food Security - Fully Food Secure",-0.332891127905987,0.202167288780739,58,-0.867645792466558,0.201863536654584,-1.64661221859202,0.36114144264331,0.716848234675803,0.419939010028763,1.22368100911277,"PPB"
"NH White","Low Food Security - Marginally Food Secure",0.0600048659270221,0.215984109374671,58,-0.511296805355368,0.631306537209412,0.277820743853571,0.992431984147856,1.06184171337708,0.599717357639541,1.8800653506268,"PPB"
"NH White","Very Low Food Secure - Fully Food Secure",-0.691215605380279,0.21911513122706,58,-1.27079917305899,-0.111632037701573,-3.15457723758931,0.013220345268117,0.500966720936348,0.280607278368688,0.894373292612788,"PPB"
"NH White","Very Low Food Secure - Marginally Food Secure",-0.29831961154727,0.226532321432979,58,-0.897522461279316,0.300883238184775,-1.31689645724806,0.556090202160991,0.742064129577611,0.407578200648953,1.35105158109293,"PPB"
"NH White","Very Low Food Secure - Low Food Security",-0.358324477474292,0.292124986147809,58,-1.13102712348275,0.414378168534165,-1.22661358824331,0.61268605795025,0.698846278337997,0.322701631717788,1.51342935003805,"PPB"
"NH Black","Marginally Food Secure - Fully Food Secure",-0.100963734367973,0.132360176316746,58,-0.451070925864241,0.249143457128295,-0.762795405518052,0.870791218937406,0.903965815183044,0.636945664654134,1.28292606475823,"PPB"
"NH Black","Low Food Security - Fully Food Secure",0.0224182665531404,0.118327561865354,58,-0.290571119787218,0.335407652893499,0.18945938038215,0.997560681408192,1.0226714442863,0.747836341459325,1.39851037583671,"PPB"
"NH Black","Low Food Security - Marginally Food Secure",0.123382000921113,0.161738935348093,58,-0.304435232223151,0.551199234065378,0.762846624751004,0.870768944054508,1.13131650236046,0.73753979550059,1.73533284077832,"PPB"
"NH Black","Very Low Food Secure - Fully Food Secure",0.0918061977055686,0.143638687224394,58,-0.288133892839483,0.47174628825062,0.639146733234535,0.91888334850433,1.0961523646508,0.749661211250819,1.60279068530801,"PPB"
"NH Black","Very Low Food Secure - Marginally Food Secure",0.192769932073542,0.167763086047743,58,-0.250981840758533,0.636521704905616,1.14906047936363,0.66094470214069,1.21260378018702,0.778036499983349,1.88989581819788,"PPB"
"NH Black","Very Low Food Secure - Low Food Security",0.0693879311524281,0.175636987058165,58,-0.395191173930107,0.533967036234963,0.395064458316228,0.97889736664348,1.07185193326267,0.673551261497997,1.70568542071142,"PPB"
"Mexican-American","Marginally Food Secure - Fully Food Secure",-0.0366521170046618,0.169202922785848,58,-0.484212416015975,0.410908182006651,-0.216616334997066,0.996369948737468,0.964011440209603,0.616182301020562,1.50818687150831,"PPB"
"Mexican-American","Low Food Security - Fully Food Secure",0.228402039953154,0.142848453115176,58,-0.149447794653126,0.606251874559434,1.59891153857297,0.387268674520066,1.25659042344573,0.861183395224058,1.83354614249696,"PPB"
"Mexican-American","Low Food Security - Marginally Food Secure",0.265054156957816,0.203069132316533,58,-0.272085982722782,0.802194296638413,1.30524099814768,0.563385955217641,1.30350156754624,0.761788757602231,2.23042978731212,"PPB"
"Mexican-American","Very Low Food Secure - Fully Food Secure",0.317692139683082,0.192281725062664,58,-0.190914124006442,0.826298403372606,1.65222222538074,0.358129241906651,1.37395321043983,0.826203536154333,2.28484549129948,"PPB"
"Mexican-American","Very Low Food Secure - Marginally Food Secure",0.354344256687743,0.245372947286734,58,-0.294694115988188,1.00338262936367,1.44410482331481,0.477561418534545,1.42524575241669,0.744759362609416,2.72749233747751,"PPB"
"Mexican-American","Very Low Food Secure - Low Food Security",0.0892900997299276,0.193778283421985,58,-0.423274725051554,0.601854924511409,0.460784862746892,0.967238007981732,1.09339780472963,0.654898691318944,1.8255018298782,"PPB"
"Other Hispanic","Marginally Food Secure - Fully Food Secure",0.492546481334584,0.277455703562425,58,-0.241354302435918,1.22644726510509,1.77522564867284,0.295553931961784,1.63647817966895,0.78556325010348,3.40909638043766,"PPB"
"Other Hispanic","Low Food Security - Fully Food Secure",-0.221473069117888,0.219502499898461,58,-0.802081269442091,0.359135131206315,-1.00897743406266,0.744827234110581,0.801337502583158,0.448394761975166,1.4320903085879,"PPB"
"Other Hispanic","Low Food Security - Marginally Food Secure",-0.714019550452472,0.296417593550308,58,-1.49807661410909,0.0700375132041497,-2.40882986026701,0.0866397757321075,0.489671975183477,0.223559738540372,1.07254841522722,"PPB"
"Other Hispanic","Very Low Food Secure - Fully Food Secure",0.0227204216790796,0.243566844836336,58,-0.621540611814785,0.666981455172944,0.0932820790709283,0.999705719013687,1.02298049639383,0.537116312112165,1.94834726185645,"PPB"
"Other Hispanic","Very Low Food Secure - Marginally Food Secure",-0.469826059655504,0.352414692597646,58,-1.40200159538552,0.462349476074515,-1.33316251996311,0.545925373989534,0.625110990847903,0.246103870248154,1.58780010442268,"PPB"
"Other Hispanic","Very Low Food Secure - Low Food Security",0.244193490796968,0.303855468318762,58,-0.559537567850812,1.04792454944475,0.803650143761093,0.852439939749759,1.27659131526504,0.571473270367932,2.85172635486674,"PPB"
"Other","Marginally Food Secure - Fully Food Secure",0.256576568802302,0.236707837741801,58,-0.369541638222564,0.882694775827168,1.08393778275383,0.700651219742136,1.2924977270139,0.691051009424063,2.41740530229217,"PPB"
"Other","Low Food Security - Fully Food Secure",-0.201585112448376,0.216101074837021,58,-0.773196170214411,0.370025945317659,-0.93282790287095,0.787382537182096,0.817434000790023,0.461535562171755,1.44777217708507,"PPB"
"Other","Low Food Security - Marginally Food Secure",-0.458161681250678,0.295601446898207,58,-1.24005994744897,0.323736584947618,-1.54993044201319,0.414998915894372,0.632445213407508,0.289366870613381,1.38228314497165,"PPB"
"Other","Very Low Food Secure - Fully Food Secure",0.108478937626681,0.410877769557115,58,-0.978337852369485,1.19529572762285,0.264017539190818,0.993485846510582,1.11458143256089,0.37593544003493,3.30453486825836,"PPB"
"Other","Very Low Food Secure - Marginally Food Secure",-0.148097631175621,0.464926531416127,58,-1.37787932757253,1.08168406522129,-0.318539857737367,0.988700552031241,0.862346918888549,0.252112634866696,2.94964276149734,"PPB"
"Other","Very Low Food Secure - Low Food Security",0.310064050075058,0.429237690286499,58,-0.825316745058697,1.44544484520881,0.722359795264256,0.887783841926315,1.3635124444098,0.438096205677713,4.24373953018915,"PPB"
