RACEETH,FOODSEC,contrast,exp.estimate,exp.lower.CL,exp.upper.CL,%Difference,%Lower,%Higher,p.value,model
NH White,1,,,,,,,,,
NH White,2,Marginally Food Secure - Fully Food Secure,1.07,0.90,1.28,7.19,-9.91,27.53,0.72,BPA
NH White,3,Low Food Security - Fully Food Secure,1.09,0.92,1.31,9.41,-8.42,30.71,0.54,BPA
NH White,4,Very Low Food Secure - Fully Food Secure,1.14,0.88,1.47,13.96,-11.85,47.32,0.54,BPA
NH Black,1,,,,,,,,,
NH Black,2,Marginally Food Secure - Fully Food Secure,0.95,0.82,1.10,-5.26,-18.24,9.77,0.77,BPA
NH Black,3,Low Food Security - Fully Food Secure,1.01,0.86,1.18,1.08,-13.76,18.47,1.00,BPA
NH Black,4,Very Low Food Secure - Fully Food Secure,1.00,0.85,1.17,-0.25,-15.08,17.17,1.00,BPA
Mexican-American,1,,,,,,,,,
Mexican-American,2,Marginally Food Secure - Fully Food Secure,0.96,0.77,1.19,-4.11,-22.52,18.67,0.95,BPA
Mexican-American,3,Low Food Security - Fully Food Secure,1.00,0.86,1.17,0.14,-14.43,17.20,1.00,BPA
Mexican-American,4,Very Low Food Secure - Fully Food Secure,0.88,0.63,1.25,-11.54,-37.31,24.84,0.78,BPA
Other Hispanic,1,,,,,,,,,
Other Hispanic,2,Marginally Food Secure - Fully Food Secure,0.94,0.72,1.24,-5.61,-28.16,24.01,0.94,BPA
Other Hispanic,3,Low Food Security - Fully Food Secure,0.95,0.76,1.19,-5.23,-24.30,18.65,0.92,BPA
Other Hispanic,4,Very Low Food Secure - Fully Food Secure,1.03,0.69,1.53,2.56,-31.39,53.32,1.00,BPA
Other,1,,,,,,,,,
Other,2,Marginally Food Secure - Fully Food Secure,0.93,0.69,1.26,-6.79,-31.10,26.10,0.93,BPA
Other,3,Low Food Security - Fully Food Secure,1.37,0.84,2.24,36.95,-16.26,123.98,0.34,BPA
Other,4,Very Low Food Secure - Fully Food Secure,1.26,0.81,1.97,26.41,-18.81,96.82,0.50,BPA
NH White,1,,,,,,,,,
NH White,2,Marginally Food Secure - Fully Food Secure,0.71,0.51,0.99,-28.70,-48.72,-0.87,0.04,BP3
NH White,3,Low Food Security - Fully Food Secure,0.72,0.51,1.02,-27.92,-48.98,1.84,0.07,BP3
NH White,4,Very Low Food Secure - Fully Food Secure,0.67,0.41,1.08,-33.44,-58.81,7.56,0.12,BP3
NH Black,1,,,,,,,,,
NH Black,2,Marginally Food Secure - Fully Food Secure,0.84,0.58,1.21,-15.93,-41.65,21.12,0.59,BP3
NH Black,3,Low Food Security - Fully Food Secure,0.97,0.68,1.38,-2.98,-31.62,37.65,1.00,BP3
NH Black,4,Very Low Food Secure - Fully Food Secure,1.11,0.72,1.70,11.06,-27.60,70.36,0.92,BP3
Mexican-American,1,,,,,,,,,
Mexican-American,2,Marginally Food Secure - Fully Food Secure,0.97,0.64,1.48,-2.94,-36.16,47.57,1.00,BP3
Mexican-American,3,Low Food Security - Fully Food Secure,1.01,0.73,1.40,1.00,-27.35,40.41,1.00,BP3
Mexican-American,4,Very Low Food Secure - Fully Food Secure,1.04,0.61,1.74,3.52,-38.55,74.39,1.00,BP3
Other Hispanic,1,,,,,,,,,
Other Hispanic,2,Marginally Food Secure - Fully Food Secure,1.46,0.75,2.82,45.85,-24.66,182.35,0.44,BP3
Other Hispanic,3,Low Food Security - Fully Food Secure,1.03,0.62,1.69,2.52,-37.93,69.31,1.00,BP3
Other Hispanic,4,Very Low Food Secure - Fully Food Secure,0.90,0.46,1.77,-9.51,-53.73,76.98,0.98,BP3
Other,1,,,,,,,,,
Other,2,Marginally Food Secure - Fully Food Secure,0.66,0.40,1.09,-33.54,-59.54,9.16,0.14,BP3
Other,3,Low Food Security - Fully Food Secure,0.78,0.46,1.34,-21.54,-54.22,34.48,0.64,BP3
Other,4,Very Low Food Secure - Fully Food Secure,0.95,0.43,2.08,-5.03,-56.58,107.74,1.00,BP3
NH White,1,,,,,,,,,
NH White,2,Marginally Food Secure - Fully Food Secure,0.81,0.56,1.17,-19.32,-44.37,17.01,0.43,TRS
NH White,3,Low Food Security - Fully Food Secure,0.79,0.57,1.08,-21.28,-42.74,8.23,0.20,TRS
NH White,4,Very Low Food Secure - Fully Food Secure,0.72,0.51,1.03,-27.72,-49.16,2.77,0.08,TRS
NH Black,1,,,,,,,,,
NH Black,2,Marginally Food Secure - Fully Food Secure,1.03,0.69,1.55,3.33,-31.26,55.33,1.00,TRS
NH Black,3,Low Food Security - Fully Food Secure,0.95,0.68,1.33,-4.87,-31.91,32.92,0.98,TRS
NH Black,4,Very Low Food Secure - Fully Food Secure,0.91,0.61,1.35,-8.95,-38.66,35.15,0.92,TRS
Mexican-American,1,,,,,,,,,
Mexican-American,2,Marginally Food Secure - Fully Food Secure,0.90,0.58,1.38,-10.47,-41.78,37.67,0.90,TRS
Mexican-American,3,Low Food Security - Fully Food Secure,1.08,0.66,1.78,8.20,-34.34,78.30,0.98,TRS
Mexican-American,4,Very Low Food Secure - Fully Food Secure,0.99,0.52,1.89,-0.75,-47.93,89.18,1.00,TRS
Other Hispanic,1,,,,,,,,,
Other Hispanic,2,Marginally Food Secure - Fully Food Secure,0.87,0.42,1.80,-12.86,-57.72,79.59,0.96,TRS
Other Hispanic,3,Low Food Security - Fully Food Secure,1.08,0.49,2.36,8.17,-50.51,136.40,0.99,TRS
Other Hispanic,4,Very Low Food Secure - Fully Food Secure,0.75,0.41,1.35,-25.50,-58.93,35.15,0.56,TRS
Other,1,,,,,,,,,
Other,2,Marginally Food Secure - Fully Food Secure,0.85,0.44,1.62,-15.42,-55.96,62.43,0.90,TRS
Other,3,Low Food Security - Fully Food Secure,0.71,0.39,1.31,-28.70,-61.22,31.08,0.46,TRS
Other,4,Very Low Food Secure - Fully Food Secure,0.39,0.17,0.91,-60.86,-83.14,-9.11,0.02,TRS
NH White,1,,,,,,,,,
NH White,2,Marginally Food Secure - Fully Food Secure,0.76,0.63,0.92,-23.95,-37.16,-7.96,0.00,BUP
NH White,3,Low Food Security - Fully Food Secure,0.78,0.62,0.96,-22.47,-37.52,-3.79,0.01,BUP
NH White,4,Very Low Food Secure - Fully Food Secure,0.68,0.52,0.89,-32.29,-48.42,-11.10,0.00,BUP
NH Black,1,,,,,,,,,
NH Black,2,Marginally Food Secure - Fully Food Secure,0.95,0.72,1.24,-5.33,-27.71,23.98,0.95,BUP
NH Black,3,Low Food Security - Fully Food Secure,0.97,0.70,1.34,-3.31,-30.20,33.93,0.99,BUP
NH Black,4,Very Low Food Secure - Fully Food Secure,0.79,0.60,1.06,-20.74,-40.46,5.51,0.15,BUP
Mexican-American,1,,,,,,,,,
Mexican-American,2,Marginally Food Secure - Fully Food Secure,0.98,0.68,1.42,-1.61,-31.75,41.85,1.00,BUP
Mexican-American,3,Low Food Security - Fully Food Secure,1.26,0.90,1.76,25.63,-10.42,76.19,0.29,BUP
Mexican-American,4,Very Low Food Secure - Fully Food Secure,0.99,0.70,1.40,-1.23,-30.43,40.24,1.00,BUP
Other Hispanic,1,,,,,,,,,
Other Hispanic,2,Marginally Food Secure - Fully Food Secure,1.11,0.59,2.09,11.36,-40.68,109.06,0.97,BUP
Other Hispanic,3,Low Food Security - Fully Food Secure,0.75,0.50,1.13,-24.56,-49.68,13.09,0.26,BUP
Other Hispanic,4,Very Low Food Secure - Fully Food Secure,0.68,0.44,1.05,-31.89,-55.71,4.73,0.10,BUP
Other,1,,,,,,,,,
Other,2,Marginally Food Secure - Fully Food Secure,1.07,0.64,1.80,7.27,-36.14,80.19,0.98,BUP
Other,3,Low Food Security - Fully Food Secure,0.85,0.57,1.27,-14.83,-42.98,27.20,0.72,BUP
Other,4,Very Low Food Secure - Fully Food Secure,1.06,0.50,2.23,5.63,-49.97,123.05,1.00,BUP
NH White,1,,,,,,,,,
NH White,2,Marginally Food Secure - Fully Food Secure,0.91,0.70,1.18,-8.68,-29.52,18.34,0.79,EPB
NH White,3,Low Food Security - Fully Food Secure,0.83,0.61,1.14,-16.56,-38.83,13.81,0.42,EPB
NH White,4,Very Low Food Secure - Fully Food Secure,0.66,0.51,0.86,-33.81,-49.12,-13.90,0.00,EPB
NH Black,1,,,,,,,,,
NH Black,2,Marginally Food Secure - Fully Food Secure,0.99,0.69,1.41,-1.33,-30.77,40.62,1.00,EPB
NH Black,3,Low Food Security - Fully Food Secure,1.14,0.84,1.54,13.88,-15.89,54.18,0.67,EPB
NH Black,4,Very Low Food Secure - Fully Food Secure,0.92,0.61,1.38,-8.10,-38.85,38.11,0.95,EPB
Mexican-American,1,,,,,,,,,
Mexican-American,2,Marginally Food Secure - Fully Food Secure,0.79,0.60,1.04,-21.44,-40.49,3.71,0.11,EPB
Mexican-American,3,Low Food Security - Fully Food Secure,1.17,0.87,1.59,17.21,-13.39,58.63,0.51,EPB
Mexican-American,4,Very Low Food Secure - Fully Food Secure,0.95,0.64,1.39,-5.39,-35.55,38.87,0.98,EPB
Other Hispanic,1,,,,,,,,,
Other Hispanic,2,Marginally Food Secure - Fully Food Secure,0.86,0.48,1.53,-13.89,-51.65,53.35,0.90,EPB
Other Hispanic,3,Low Food Security - Fully Food Secure,0.76,0.48,1.21,-23.94,-52.24,21.12,0.41,EPB
Other Hispanic,4,Very Low Food Secure - Fully Food Secure,0.63,0.33,1.19,-37.32,-67.00,19.05,0.23,EPB
Other,1,,,,,,,,,
Other,2,Marginally Food Secure - Fully Food Secure,0.86,0.55,1.34,-13.86,-44.63,34.02,0.81,EPB
Other,3,Low Food Security - Fully Food Secure,1.02,0.58,1.80,2.35,-41.84,80.11,1.00,EPB
Other,4,Very Low Food Secure - Fully Food Secure,0.78,0.46,1.34,-21.85,-54.36,33.80,0.62,EPB
NH White,1,,,,,,,,,
NH White,2,Marginally Food Secure - Fully Food Secure,0.80,0.62,1.04,-19.89,-38.16,3.77,0.12,MPB
NH White,3,Low Food Security - Fully Food Secure,0.87,0.53,1.41,-13.26,-46.67,41.08,0.87,MPB
NH White,4,Very Low Food Secure - Fully Food Secure,0.72,0.47,1.11,-27.98,-53.43,11.37,0.20,MPB
NH Black,1,,,,,,,,,
NH Black,2,Marginally Food Secure - Fully Food Secure,1.15,0.86,1.53,14.92,-13.72,53.06,0.58,MPB
NH Black,3,Low Food Security - Fully Food Secure,1.11,0.83,1.49,11.32,-17.07,49.43,0.77,MPB
NH Black,4,Very Low Food Secure - Fully Food Secure,1.11,0.78,1.57,10.52,-22.45,57.50,0.88,MPB
Mexican-American,1,,,,,,,,,
Mexican-American,2,Marginally Food Secure - Fully Food Secure,0.87,0.59,1.27,-13.25,-40.63,26.75,0.75,MPB
Mexican-American,3,Low Food Security - Fully Food Secure,1.25,0.90,1.73,24.69,-10.20,73.13,0.29,MPB
Mexican-American,4,Very Low Food Secure - Fully Food Secure,1.43,0.98,2.08,42.53,-2.18,107.69,0.07,MPB
Other Hispanic,1,,,,,,,,,
Other Hispanic,2,Marginally Food Secure - Fully Food Secure,1.35,0.82,2.24,35.32,-18.18,123.81,0.39,MPB
Other Hispanic,3,Low Food Security - Fully Food Secure,0.80,0.49,1.33,-19.58,-51.35,32.94,0.66,MPB
Other Hispanic,4,Very Low Food Secure - Fully Food Secure,1.07,0.62,1.86,7.16,-38.14,85.64,0.99,MPB
Other,1,,,,,,,,,
Other,2,Marginally Food Secure - Fully Food Secure,0.96,0.62,1.49,-3.62,-37.52,48.67,1.00,MPB
Other,3,Low Food Security - Fully Food Secure,0.82,0.53,1.26,-18.07,-46.61,25.72,0.61,MPB
Other,4,Very Low Food Secure - Fully Food Secure,0.76,0.30,1.92,-24.38,-70.22,92.06,0.86,MPB
NH White,1,,,,,,,,,
NH White,2,Marginally Food Secure - Fully Food Secure,0.69,0.50,0.96,-30.53,-49.58,-4.29,0.02,PPB
NH White,3,Low Food Security - Fully Food Secure,0.73,0.41,1.30,-27.15,-59.22,30.15,0.48,PPB
NH White,4,Very Low Food Secure - Fully Food Secure,0.52,0.30,0.91,-48.19,-70.35,-9.46,0.01,PPB
NH Black,1,,,,,,,,,
NH Black,2,Marginally Food Secure - Fully Food Secure,0.89,0.62,1.27,-10.84,-37.63,27.46,0.83,PPB
NH Black,3,Low Food Security - Fully Food Secure,1.03,0.75,1.40,2.65,-24.99,40.49,1.00,PPB
NH Black,4,Very Low Food Secure - Fully Food Secure,1.10,0.75,1.63,10.44,-25.02,62.69,0.90,PPB
Mexican-American,1,,,,,,,,,
Mexican-American,2,Marginally Food Secure - Fully Food Secure,0.94,0.60,1.48,-5.81,-40.05,47.98,0.99,PPB
Mexican-American,3,Low Food Security - Fully Food Secure,1.27,0.86,1.85,26.54,-13.62,85.37,0.37,PPB
Mexican-American,4,Very Low Food Secure - Fully Food Secure,1.38,0.83,2.30,37.84,-17.37,129.92,0.35,PPB
Other Hispanic,1,,,,,,,,,
Other Hispanic,2,Marginally Food Secure - Fully Food Secure,1.70,0.82,3.52,69.95,-17.84,251.52,0.23,PPB
Other Hispanic,3,Low Food Security - Fully Food Secure,0.82,0.45,1.47,-18.43,-54.59,46.52,0.79,PPB
Other Hispanic,4,Very Low Food Secure - Fully Food Secure,1.03,0.54,1.96,2.87,-45.88,95.53,1.00,PPB
Other,1,,,,,,,,,
Other,2,Marginally Food Secure - Fully Food Secure,1.27,0.69,2.34,27.03,-30.96,133.74,0.73,PPB
Other,3,Low Food Security - Fully Food Secure,0.83,0.47,1.47,-17.21,-53.35,46.92,0.82,PPB
Other,4,Very Low Food Secure - Fully Food Secure,1.12,0.38,3.34,12.13,-62.41,234.42,0.99,PPB