"SEX","contrast","estimate","lower.CL","upper.CL","percent","percent_low","percent_high","SE","p.value","t.ratio","model"
"Male","FOODSEC2 - FOODSEC1",0.0380005695489165,-0.208816453090545,0.284817592188378,3.87318244869144,-18.8455821600167,32.9519491260928,0.0946246737889973,0.977980816385801,0.401592608220279,"MEP"
"Male","FOODSEC3 - FOODSEC1",0.00247991890186603,-0.19243645564073,0.197396293444462,0.248299644423855,-17.5053262750031,21.822672032134,0.074727010965403,0.999986789553287,0.0331863789254755,"MEP"
"Male","FOODSEC3 - FOODSEC2",-0.0355206506470504,-0.289203317377055,0.218162016082954,-3.4897195973158,-25.1140066314047,24.3788565047041,0.0972568234092767,0.983261031119633,-0.36522528087898,"MEP"
"Male","FOODSEC4 - FOODSEC1",0.0478233538986285,-0.18360138250373,0.279248090300987,4.89853397866495,-16.7732505901769,32.2135312132517,0.0887235813583494,0.949292888200337,0.539015143059574,"MEP"
"Male","FOODSEC4 - FOODSEC2",0.00982278434971205,-0.308312707478054,0.327958276177478,0.987118624655592,-26.5314459578152,38.8131052947422,0.121966738002825,0.999811584277495,0.0805365832566952,"MEP"
"Male","FOODSEC4 - FOODSEC3",0.0453434349967625,-0.230013864516766,0.320700734510291,4.6387164178697,-20.5477413244755,37.8093103469229,0.105566440933645,0.973295310460711,0.429525089561971,"MEP"
"Female","FOODSEC2 - FOODSEC1",0.107988060926786,-0.115945673647678,0.33192179550125,11.403444476827,-10.9476399117735,39.3643855031563,0.0858516821808249,0.591586209396224,1.25784443803135,"MEP"
"Female","FOODSEC3 - FOODSEC1",-0.0974018160651071,-0.2736153809325,0.0788117488022859,-9.28085911945388,-23.9375430279473,8.20006149851666,0.067556730546621,0.476232715583312,-1.4417781215432,"MEP"
"Female","FOODSEC3 - FOODSEC2",-0.205389876991893,-0.457403202261251,0.0466234482774647,-18.5670233926954,-36.7074908220333,4.77274112296222,0.09661683152595,0.151316998185046,-2.12581880142414,"MEP"
"Female","FOODSEC4 - FOODSEC1",-0.0335867094342767,-0.27569358192453,0.208520163055977,-3.30289379175558,-24.0954519613989,23.1853767747014,0.0928188971184917,0.9837053636338,-0.36185206328621,"MEP"
"Female","FOODSEC4 - FOODSEC2",-0.141574770361063,-0.435338993832669,0.152189453110543,-13.2009726787592,-35.2954714465613,16.4380811103694,0.112623284729773,0.592080026092475,-1.25706483078305,"MEP"
"Female","FOODSEC4 - FOODSEC3",0.0638151066308304,-0.235957477615847,0.363587690877508,6.58953035674108,-21.0185741995952,43.848099303525,0.114926769198825,0.944934609075078,0.55526755929621,"MEP"
"Male","FOODSEC2 - FOODSEC1",-0.0503513552849084,-0.182063167697838,0.0813604571280216,-4.91047362767294,-16.6451314598788,8.47618362401101,0.0504956552447224,0.75133797575986,-0.997142329194171,"MNBP"
"Male","FOODSEC3 - FOODSEC1",0.021365816463387,-0.106565675446967,0.149297308373741,2.15956998159523,-10.1083990488153,16.1018118310296,0.0490463565271999,0.972196950680099,0.435624947013915,"MNBP"
"Male","FOODSEC3 - FOODSEC2",0.0717171717482954,-0.0916930093892055,0.235127352885796,7.43514441494335,-8.76147997536734,26.5069868772919,0.0626481711779015,0.662704867089505,1.14476081902919,"MNBP"
"Male","FOODSEC4 - FOODSEC1",0.1896887708891,0.0529923448916605,0.326385196886539,20.8873302540151,5.44215733770812,38.5949129354276,0.0524066556666317,0.00248469259180772,3.61955496828007,"MNBP"
"Male","FOODSEC4 - FOODSEC2",0.240040126174008,0.0536042985138464,0.42647595383417,27.1300161709457,5.50670279522101,53.1849691388233,0.0714757401506066,0.00584382971364039,3.35834404328265,"MNBP"
"Male","FOODSEC4 - FOODSEC3",0.168322954425713,0.00879511891779641,0.327850789933629,18.3318706958083,0.883390961571973,38.7981855973026,0.0611597580822124,0.0344168384778021,2.75218476501246,"MNBP"
"Female","FOODSEC2 - FOODSEC1",0.00103798027129435,-0.10686318704978,0.108939147592369,0.103851915925168,-10.1351388651936,11.509449209222,0.0413671336361719,0.999994288925752,0.0250919070299501,"MNBP"
"Female","FOODSEC3 - FOODSEC1",-0.0610019361925534,-0.209493770765272,0.0874898983801656,-5.91785818371777,-18.9005308706348,9.14312391638119,0.0569287776690277,0.707529205322319,-1.07154832213694,"MNBP"
"Female","FOODSEC3 - FOODSEC2",-0.0620399164638478,-0.234061447179796,0.109981614252101,-6.01546292614238,-20.8686809562238,11.6257547040352,0.0659495891110314,0.782994670083704,-0.940717255408501,"MNBP"
"Female","FOODSEC4 - FOODSEC1",0.0341526149685534,-0.122062238057847,0.190367467994954,3.47425118743776,-11.4906719698426,20.9694039836438,0.0598896273463756,0.940728297997878,0.570259266617732,"MNBP"
"Female","FOODSEC4 - FOODSEC2",0.033114634697259,-0.154815053849243,0.221044323243761,3.36690267857354,-14.3426417178083,24.7378717209759,0.0720484563171999,0.967609854806676,0.459616158207038,"MNBP"
"Female","FOODSEC4 - FOODSEC3",0.0951545511611068,-0.109322674032258,0.299631776354472,9.98288218129202,-10.3558887443321,34.9361849146466,0.0783924484797994,0.61942807256489,1.21382292563074,"MNBP"
"Male","FOODSEC2 - FOODSEC1",0.0318898618139798,-0.115487736365832,0.179267459993792,3.24037919622557,-10.9068501771956,19.6340674651089,0.0565016018848168,0.942391779657205,0.564406330974297,"MIB"
"Male","FOODSEC3 - FOODSEC1",-0.0261283590287487,-0.141304772276667,0.0890480542191696,-2.578996707078,-13.1775339435906,9.3133184725855,0.0441563163481275,0.934393974115881,-0.591724156126458,"MIB"
"Male","FOODSEC3 - FOODSEC2",-0.0580182208427285,-0.227802206576402,0.111765764890945,-5.63672465038399,-20.3718256447475,11.8250896344968,0.0650917594452659,0.809363831147572,-0.891329737238315,"MIB"
"Male","FOODSEC4 - FOODSEC1",0.0986748054020907,-0.0315042969219435,0.228853907726125,10.3707321534552,-3.10132072158187,25.7158364469364,0.0499080450765748,0.202869374417588,1.97713224893286,"MIB"
"Male","FOODSEC4 - FOODSEC2",0.0667849435881108,-0.112698306469473,0.246268193645694,6.90655440511045,-10.657984145712,27.9242612279192,0.0688102619732863,0.766436329849536,0.97056662295572,"MIB"
"Male","FOODSEC4 - FOODSEC3",0.124803164430839,-0.020567616119842,0.270173944981521,13.2925431096172,-2.03575453865792,31.0192332294275,0.055732228437719,0.119093418323455,2.23933562194283,"MIB"
"Female","FOODSEC2 - FOODSEC1",-0.0420273305902546,-0.150526328309679,0.06647166712917,-4.11564255464798,-13.9744919352912,6.8730683437801,0.0415963297662447,0.743711986756514,-1.01036151089368,"MIB"
"Female","FOODSEC3 - FOODSEC1",-0.131616464501868,-0.269251315172018,0.0060183861682814,-12.3322832577653,-23.604876101618,0.60365330410137,0.0527664287794469,0.0663170963758498,-2.49432200636505,"MIB"
"Female","FOODSEC3 - FOODSEC2",-0.0895891339116137,-0.265726538112581,0.0865482702893536,-8.56932342462667,-23.3351251948273,9.04040005640874,0.0675275320815435,0.54799961741319,-1.32670528819903,"MIB"
"Female","FOODSEC4 - FOODSEC1",-0.0333496999119947,-0.196621819135988,0.129922419311999,-3.27997294068442,-17.8498749373058,13.8740035662209,0.0625952410218345,0.950908536410321,-0.532783313357026,"MIB"
"Female","FOODSEC4 - FOODSEC2",0.00867763067825998,-0.165993340984394,0.183348602340914,0.87153904581343,-15.2948125297728,20.123308776661,0.066965331390977,0.999218247994768,0.129583927952147,"MIB"
"Female","FOODSEC4 - FOODSEC3",0.0982667645898736,-0.104474172804981,0.301007701984728,10.3257055772275,-9.92019378063253,35.1219748571806,0.0777267907193222,0.587522936953625,1.26425861251268,"MIB"
"Male","FOODSEC2 - FOODSEC1",0.0970178729719721,-0.0300143656715158,0.22405011161546,10.1880067316577,-2.95684074531146,25.1133714189056,0.0487016009421882,0.197184610714943,1.99208796210084,"MCPP"
"Male","FOODSEC3 - FOODSEC1",-0.00986221079100027,-0.115531931704316,0.0958075101223157,-0.98137386684608,-10.9107875921002,10.0547199407939,0.0405116420410067,0.994900594743335,-0.2434413984261,"MCPP"
"Male","FOODSEC3 - FOODSEC2",-0.106880083762972,-0.263895928724266,0.050135761198321,-10.1366572731502,-23.1946532198252,5.14138278883096,0.060196711516407,0.290575288624716,-1.77551366296549,"MCPP"
"Male","FOODSEC4 - FOODSEC1",0.127055909037423,-0.0288488807292532,0.282960698804099,13.5480499628612,-2.84367246929994,32.7053006022111,0.0597707553395277,0.151347558146007,2.12572031783239,"MCPP"
"Male","FOODSEC4 - FOODSEC2",0.0300380360654508,-0.171272198527568,0.231348270658469,3.04937291350249,-15.740781009933,26.0298087870712,0.0771782880898641,0.979881816199935,0.389203191841667,"MCPP"
"Male","FOODSEC4 - FOODSEC3",0.136918119828423,-0.0408817876571104,0.314718027313957,14.6734249879099,-4.005739969531,36.9872989727087,0.0681649023459317,0.191028359213706,2.00863076328598,"MCPP"
"Female","FOODSEC2 - FOODSEC1",0.0172068988923221,-0.120291327329483,0.154705125114128,1.7355790337809,-11.3337909811606,16.7313698856746,0.0527140497185623,0.987926997771014,0.326419597511268,"MCPP"
"Female","FOODSEC3 - FOODSEC1",-0.0472907563023304,-0.178821580239187,0.0842400676345267,-4.61899690084548,-16.3744909479454,8.78900296484833,0.0504262679094211,0.784578045802685,-0.937819875690128,"MCPP"
"Female","FOODSEC3 - FOODSEC2",-0.0644976551946525,-0.246125483910961,0.117130173521656,-6.24616873956787,-21.8175887577475,12.4265769800059,0.0696324502236207,0.790852285733057,-0.926258590463525,"MCPP"
"Female","FOODSEC4 - FOODSEC1",0.0852444247080376,-0.0497778182873482,0.220266667703423,8.8983208574062,-4.85592062363027,24.6409063316649,0.0517648076338734,0.35694617226425,1.64676405852721,"MCPP"
"Female","FOODSEC4 - FOODSEC2",0.0680375258157155,-0.120982462035437,0.257057513666868,7.04054755637351,-11.3950501038675,29.3119496664641,0.0724664551040406,0.783997546518184,0.938883042064547,"MCPP"
"Female","FOODSEC4 - FOODSEC3",0.132535181010368,-0.0353670216849336,0.30043738370567,14.1719182217025,-3.47489168413464,35.0449342959254,0.0643703217411588,0.173147405615573,2.05894855618881,"MCPP"
"Male","FOODSEC2 - FOODSEC1",0.0470393476681872,-0.101059221352601,0.195137916688975,4.8163251048071,-9.61204976659122,21.5478609715817,0.0567780075796474,0.840847595335245,0.828478308299232,"MZP"
"Male","FOODSEC3 - FOODSEC1",0.136322421448808,-0.00743514341135532,0.280079986308971,14.6051345567287,-0.740757110957313,32.3235648840094,0.0551137540438779,0.0697364773030841,2.47347370567929,"MZP"
"Male","FOODSEC3 - FOODSEC2",0.0892830737806204,-0.0982972971900415,0.276863444751282,9.3390122599067,-9.36206003541272,31.8986244241972,0.0719145349964209,0.601924872768028,1.24151638865584,"MZP"
"Male","FOODSEC4 - FOODSEC1",0.275095930701134,0.0675142391033539,0.482677622298915,31.6656976636338,6.98454931299952,62.0407437576126,0.0795826383527072,0.00426018341162449,3.4567329809037,"MZP"
"Male","FOODSEC4 - FOODSEC2",0.228056583032947,-0.015095352988489,0.471208519054383,25.6156400560501,-1.49819892861034,60.1928985567993,0.0932195534211624,0.0743864244104051,2.44644577948787,"MZP"
"Male","FOODSEC4 - FOODSEC3",0.138773509252327,-0.0978627679553017,0.375409786459955,14.8863863498718,-9.32266664255094,45.5587772580626,0.0907215811047327,0.423373491443008,1.52966369812405,"MZP"
"Female","FOODSEC2 - FOODSEC1",-0.0452124331709331,-0.206615627222292,0.116190760880426,-4.42055821738409,-18.6667787324786,12.3210116248586,0.0618787327643998,0.884593765504013,-0.730661911630886,"MZP"
"Female","FOODSEC3 - FOODSEC1",-0.0796746118979725,-0.228653400159767,0.0693041763638216,-7.65832336635749,-20.4395757974756,7.17621642899233,0.0571154659026281,0.505160930208511,-1.39497438458795,"MZP"
"Female","FOODSEC3 - FOODSEC2",-0.0344621787270393,-0.244786884343848,0.175862526889769,-3.38751209317304,-21.7128637391081,19.2274141749331,0.0806342546633389,0.973673539054172,-0.427388817208326,"MZP"
"Female","FOODSEC4 - FOODSEC1",0.0596866115119554,-0.153138421880771,0.272511644904681,6.15038313327689,-14.1989053897876,31.3258751596431,0.0815928299578288,0.88424083466674,0.731517849580709,"MZP"
"Female","FOODSEC4 - FOODSEC2",0.104899044682888,-0.158289920526025,0.368088009891802,11.0598483873795,-14.6397730728213,44.496920496125,0.10090134672006,0.726581346344448,1.0396198672543,"MZP"
"Female","FOODSEC4 - FOODSEC3",0.139361223409928,-0.0722708485817427,0.350993295401598,14.9539265508674,-6.9721103033887,42.0477802147067,0.0811354725915881,0.31946981901584,1.71763618252932,"MZP"
"Male","FOODSEC2 - FOODSEC1",0.0420832569475198,-0.159583628205922,0.243750142100962,4.29813105762755,-14.7501328519157,27.6025465613702,0.0773150207291928,0.947896295321805,0.54430893959044,"MHP"
"Male","FOODSEC3 - FOODSEC1",0.0336591796646286,-0.0885402167451116,0.155858576074369,3.42320593365555,-8.47336990357172,16.8660914787983,0.0468487865983815,0.889563626192811,0.718464278555967,"MHP"
"Male","FOODSEC3 - FOODSEC2",-0.00842407728289121,-0.223628638550292,0.20678048398451,-0.838869417025878,-20.0387975680233,22.9712600540062,0.0825050930039714,0.999616642515496,-0.102103724463237,"MHP"
"Male","FOODSEC4 - FOODSEC1",0.0429407688207927,-0.100087423119199,0.185968960760784,4.38760630092858,-9.52416822158475,20.4384876607158,0.0548341271611627,0.861979450503447,0.78310298793643,"MHP"
"Male","FOODSEC4 - FOODSEC2",0.000857511873272883,-0.231039013074996,0.232754036821542,0.0857879641693593,-20.6291499578037,26.2071018148754,0.088904455581597,0.99999967554357,0.00964531943492813,"MHP"
"Male","FOODSEC4 - FOODSEC3",0.00928158915616409,-0.156298597936073,0.174861776248401,0.932479667949671,-14.4696239700071,19.1081569470555,0.0634801077412358,0.998879004453362,0.146212561484594,"MHP"
"Female","FOODSEC2 - FOODSEC1",0.0152692196349773,-0.182457186298657,0.212995625568611,1.53863897750344,-16.6779683589531,23.7379238401181,0.0758043203862456,0.997090510398198,0.2014294113736,"MHP"
"Female","FOODSEC3 - FOODSEC1",-0.0876098720918941,-0.239178604097851,0.0639588599140631,-8.38817897031454,-21.272574059372,6.60485405307754,0.0581083981538257,0.43637613641849,-1.50769724988755,"MHP"
"Female","FOODSEC3 - FOODSEC2",-0.102879091726871,-0.34490267507985,0.139144491626108,-9.77639453096997,-29.171071568856,14.9290150809601,0.0927869657413099,0.684915507931299,-1.10876663446133,"MHP"
"Female","FOODSEC4 - FOODSEC1",-0.0066009232095946,-0.215590881741907,0.202389035322718,-0.657918497309407,-19.3934989663056,22.4324220841931,0.0801225395226624,0.999798331944227,-0.0823853468564555,"MHP"
"Female","FOODSEC4 - FOODSEC2",-0.0218701428445719,-0.269306224761865,0.225565939072722,-2.16327252062096,-23.6090708113716,25.3031655137817,0.0948620086437591,0.995658586092493,-0.230546908686091,"MHP"
"Female","FOODSEC4 - FOODSEC3",0.0810089488822995,-0.156143509215322,0.318161406979921,8.43806005177024,-14.4563581447399,37.4598113052896,0.0909194744583167,0.809537015193051,0.890996668919804,"MHP"
"Male","FOODSEC2 - FOODSEC1",0.0400073420168853,-0.0997148247805984,0.179729508814369,4.08184158707194,-9.49045079584226,19.6893570171345,0.0535666637289301,0.877818249195978,0.74687014706272,"MHH"
"Male","FOODSEC3 - FOODSEC1",0.060757019266788,-0.0478435430016366,0.169357581535213,6.26406816037375,-4.67170768047399,18.4543634133643,0.0416352675680821,0.465546147836948,1.45926813529991,"MHH"
"Male","FOODSEC3 - FOODSEC2",0.0207496772499027,-0.137294201174102,0.178793555673907,2.09664485180754,-12.8286270799501,19.5773857956367,0.0605908388339354,0.986115703023933,0.342455685533129,"MHH"
"Male","FOODSEC4 - FOODSEC1",0.178295838554924,-0.00508274010852752,0.361674417218376,19.5178848922203,-0.506984484203554,43.5731416427124,0.0703036524805109,0.0598883867885807,2.53608215596409,"MHH"
"Male","FOODSEC4 - FOODSEC2",0.138288496538039,-0.0971150587435452,0.373692051819623,14.8306785023928,-9.25484101133737,45.3089605250161,0.0902489803542777,0.42182346875838,1.53229982206092,"MHH"
"Male","FOODSEC4 - FOODSEC3",0.117538819288136,-0.0635945359667523,0.298672174543025,12.472529013141,-6.16145960640137,34.806762014329,0.0694428790608061,0.332454675811217,1.69259715146914,"MHH"
"Female","FOODSEC2 - FOODSEC1",0.0643985479504312,-0.097325102078807,0.226122197979669,6.65173723825596,-9.2738994255737,25.3728859051641,0.0620015891300033,0.727148773325067,1.03865963524583,"MHH"
"Female","FOODSEC3 - FOODSEC1",-0.119003987323359,-0.262455416323488,0.0244474416767692,-11.2195739207775,-23.0839344385994,2.47487306167884,0.0549963877229447,0.139858976758281,-2.16385097731992,"MHH"
"Female","FOODSEC3 - FOODSEC2",-0.18340253527379,-0.406183178513248,0.0393781079656668,-16.7566995360888,-33.3811875102819,4.01637034875828,0.0854096101946342,0.144752779112382,-2.14732902838272,"MHH"
"Female","FOODSEC4 - FOODSEC1",0.0076555774014157,-0.161884037657198,0.17719519246003,0.768495625693788,-14.9460170586998,19.3864103656784,0.064998072651852,0.999412327131683,0.117781606270406,"MHH"
"Female","FOODSEC4 - FOODSEC2",-0.0567429705490155,-0.278410239725334,0.164924298627303,-5.5163110933854,-24.301378800918,17.9303840412642,0.0849827650102827,0.909029645272821,-0.667699745261874,"MHH"
"Female","FOODSEC4 - FOODSEC3",0.126659564724775,-0.0968379713175264,0.350157100767076,13.5030547564323,-9.22969318489718,41.9290502706347,0.0856844524518066,0.454059985356218,1.47820941956786,"MHH"
"Male","FOODSEC2 - FOODSEC1",0.0307691657207377,-0.10361278962784,0.165151121069315,3.12474291526255,-9.84256712260613,17.9571363328552,0.0515193342501397,0.932708334956523,0.597235313083539,"MOH"
"Male","FOODSEC3 - FOODSEC1",0.0867047195056697,-0.0150172894840884,0.188426728495428,9.05746067606985,-1.49050923269053,20.7348615495981,0.038998168825161,0.123289833288272,2.22330232720387,"MOH"
"Male","FOODSEC3 - FOODSEC2",0.055935553784932,-0.0966014766859301,0.208472584255794,5.75295277650505,-9.20822395604843,23.1795159017021,0.0584796242766927,0.774296377056738,0.956496463114681,"MOH"
"Male","FOODSEC4 - FOODSEC1",0.180014934263103,0.0021217122755107,0.357908156250695,19.7235242814412,0.212396469971776,43.0334247187062,0.0682006772459878,0.0461941431073184,2.63948895424925,"MOH"
"Male","FOODSEC4 - FOODSEC2",0.149245768542365,-0.0853910552116575,0.383882592296388,16.0958281174265,-8.18468343921148,46.7973080215593,0.0899550309341633,0.350256378543244,1.65911530453028,"MOH"
"Male","FOODSEC4 - FOODSEC3",0.0933102147574332,-0.0852941676833848,0.271914597198251,9.78022369056664,-8.17578724917436,31.2474907490289,0.0684733218358078,0.525323266119414,1.36272364558538,"MOH"
"Female","FOODSEC2 - FOODSEC1",0.0510554294378032,-0.105450394703394,0.207561253579001,5.23812245661861,-10.0080887505911,23.0673097663208,0.0600011798095131,0.829895960211218,0.850907092158685,"MOH"
"Female","FOODSEC3 - FOODSEC1",-0.117739839354524,-0.254098721095704,0.0186190423866555,-11.1072713569037,-22.4384771318385,1.87934575558513,0.0522772479993794,0.115802960668374,-2.2522195383338,"MOH"
"Female","FOODSEC3 - FOODSEC2",-0.168795268792327,-0.375929364168076,0.0383388265834216,-15.5318181586338,-31.3349166517789,3.90832422649285,0.0794110389790254,0.15138816596545,-2.12558947675915,"MOH"
"Female","FOODSEC4 - FOODSEC1",-0.0135530441784092,-0.185878983722834,0.158772895366016,-1.34616151882875,-16.9625922318675,17.2071733530695,0.0660662933228601,0.996928381326755,-0.205143099404362,"MOH"
"Female","FOODSEC4 - FOODSEC2",-0.0646084736162124,-0.282406626089416,0.153189678856991,-6.25655781550222,-24.6032960476447,16.5546037417164,0.0834994236184752,0.86615392252171,-0.773759516130565,"MOH"
"Female","FOODSEC4 - FOODSEC3",0.104186795176115,-0.116868480947717,0.325242071299947,10.9807742287513,-11.0297801741028,38.4365720632732,0.084748139203953,0.609608312130133,1.229369708347,"MOH"
"Male","FOODSEC2 - FOODSEC1",0.0492737789634107,-0.0902171146165221,0.188764672543344,5.05079183421904,-8.62672210083585,20.775670072545,0.0534779982368467,0.793476258546058,0.921384131567227,"SUM_DEHP"
"Male","FOODSEC3 - FOODSEC1",0.0480442505398793,-0.0441538016404588,0.140242302720217,4.92170827196052,-4.319321229769,15.055254709705,0.0353468756662272,0.527521412715573,1.35922198594158,"SUM_DEHP"
"Male","FOODSEC3 - FOODSEC2",-0.0012295284235314,-0.153706086031223,0.15124702918416,-0.122877286315193,-14.2475977734995,16.3283987685384,0.0584564401993165,0.999996635916764,-0.021033241492967,"SUM_DEHP"
"Male","FOODSEC4 - FOODSEC1",0.160891570287514,0.0174780888098002,0.304305051765227,17.4557604965579,1.7631724384211,35.5682546372353,0.0549818394073901,0.0213567008931493,2.9262675098114,"SUM_DEHP"
"Male","FOODSEC4 - FOODSEC2",0.111617791324103,-0.091185103526171,0.314420686174377,11.8085437013318,-8.71512762579364,36.9465730681677,0.0777505439594559,0.48003190222227,1.43558855848401,"SUM_DEHP"
"Male","FOODSEC4 - FOODSEC3",0.112847319747634,-0.0470489275528896,0.272743567048158,11.9461000311858,-4.59592824292568,31.3563360702474,0.0613009997410036,0.259900606320679,1.84087242009777,"SUM_DEHP"
"Female","FOODSEC2 - FOODSEC1",0.0415170439129245,-0.112009052818102,0.195043140643951,4.23909281202819,-10.5963836083046,21.5363416919222,0.0588588123538476,0.894775178112786,0.705366660532194,"SUM_DEHP"
"Female","FOODSEC3 - FOODSEC1",-0.091987770265453,-0.223180883583645,0.039205343052739,-8.78836955828413,-20.0029865258076,3.99840152182802,0.0502967964621743,0.265361346139564,-1.82889918912892,"SUM_DEHP"
"Female","FOODSEC3 - FOODSEC2",-0.133504814178377,-0.342479042973837,0.0754694146170821,-12.4976743550564,-28.9992001114156,7.8390244235093,0.0801165090584645,0.346350378510267,-1.66638331783719,"SUM_DEHP"
"Female","FOODSEC4 - FOODSEC1",-0.011251862453853,-0.163631035372788,0.141127310465082,-1.11887970057167,-15.0944764557282,15.1571245723701,0.0584191048716837,0.997452957510618,-0.192605868894558,"SUM_DEHP"
"Female","FOODSEC4 - FOODSEC2",-0.0527689063667774,-0.257451120674076,0.151913307940521,-5.14007976092209,-22.6980589942256,16.4059317358157,0.078471037176109,0.907287611749905,-0.67246347526095,"SUM_DEHP"
"Female","FOODSEC4 - FOODSEC3",0.0807359078116,-0.123707884893954,0.285179700517155,8.4084560494873,-11.6362072827734,33.0001008517427,0.0783796311375466,0.732213784488715,1.03006235982303,"SUM_DEHP"
