SEQN,FSDHH
31127,3
31128,1
31129,1
31130,1
31131,1
31132,1
31133,1
31134,1
31135,1
31136,1
31137,4
31138,2
31139,1
31140,1
31141,1
31142,3
31143,1
31144,3
31145,1
31146,2
31147,1
31148,1
31149,1
31150,1
31151,1
31152,3
31153,1
31154,1
31155,1
31156,1
31157,3
31158,1
31159,4
31160,1
31161,1
31162,1
31163,2
31164,1
31165,3
31166,1
31167,1
31168,1
31169,3
31170,4
31171,4
31172,1
31173,3
31174,3
31175,1
31176,1
31177,2
31178,2
31179,3
31180,1
31181,1
31182,2
31183,1
31184,1
31185,1
31186,1
31187,1
31188,1
31189,1
31190,1
31191,1
31192,1
31193,1
31194,1
31195,1
31196,1
31197,2
31198,1
31199,2
31200,1
31201,3
31202,1
31203,3
31204,1
31205,1
31206,1
31207,1
31208,1
31209,1
31210,2
31211,1
31212,3
31213,1
31214,1
31215,1
31216,2
31217,3
31218,1
31219,1
31220,1
31221,1
31222,2
31223,1
31224,1
31225,1
31226,NA
31227,1
31228,1
31229,1
31230,3
31231,1
31232,3
31233,1
31234,3
31235,4
31236,1
31237,2
31238,3
31239,1
31240,1
31241,1
31242,1
31243,1
31244,1
31245,1
31246,1
31247,4
31248,4
31249,1
31250,1
31251,1
31252,1
31253,1
31254,3
31255,2
31256,2
31257,1
31258,3
31259,1
31260,1
31261,1
31262,1
31263,1
31264,1
31265,3
31266,1
31267,1
31268,1
31269,1
31270,1
31271,1
31272,3
31273,1
31274,2
31275,1
31276,1
31277,1
31278,1
31279,1
31280,1
31281,3
31282,1
31283,3
31284,1
31285,1
31286,2
31287,2
31288,1
31289,1
31290,2
31291,1
31292,2
31293,3
31294,1
31295,1
31296,1
31297,1
31298,1
31299,1
31300,1
31301,1
31302,1
31303,2
31304,3
31305,1
31306,2
31307,1
31308,1
31309,3
31310,1
31311,1
31312,1
31313,1
31314,1
31315,2
31316,1
31317,4
31318,1
31319,1
31320,2
31321,1
31322,2
31323,2
31324,1
31325,1
31326,4
31327,1
31328,NA
31329,1
31330,3
31331,1
31332,1
31333,1
31334,2
31335,1
31336,4
31337,1
31338,1
31339,1
31340,1
31341,1
31342,1
31343,1
31344,1
31345,1
31346,2
31347,1
31348,2
31349,3
31350,3
31351,1
31352,4
31353,1
31354,1
31355,3
31356,1
31357,1
31358,2
31359,2
31360,1
31361,2
31362,1
31363,2
31364,1
31365,1
31366,2
31367,1
31368,1
31369,1
31370,3
31371,1
31372,2
31373,3
31374,3
31375,2
31376,2
31377,1
31378,1
31379,1
31380,1
31381,1
31382,1
31383,2
31384,1
31385,1
31386,2
31387,4
31388,1
31389,3
31390,1
31391,1
31392,1
31393,1
31394,1
31395,1
31396,2
31397,3
31398,4
31399,1
31400,1
31401,1
31402,1
31403,1
31404,1
31405,3
31406,4
31407,1
31408,1
31409,1
31410,1
31411,1
31412,2
31413,1
31414,1
31415,1
31416,1
31417,1
31418,2
31419,1
31420,3
31421,1
31422,1
31423,1
31424,4
31425,1
31426,1
31427,1
31428,3
31429,1
31430,2
31431,NA
31432,1
31433,1
31434,1
31435,1
31436,1
31437,1
31438,1
31439,1
31440,1
31441,1
31442,1
31443,4
31444,1
31445,1
31446,1
31447,1
31448,1
31449,1
31450,2
31451,2
31452,2
31453,1
31454,2
31455,1
31456,1
31457,1
31458,1
31459,1
31460,2
31461,1
31462,2
31463,3
31464,1
31465,1
31466,1
31467,3
31468,1
31469,1
31470,1
31471,3
31472,1
31473,2
31474,2
31475,1
31476,3
31477,2
31478,1
31479,2
31480,1
31481,1
31482,1
31483,1
31484,1
31485,1
31486,1
31487,2
31488,1
31489,1
31490,4
31491,1
31492,2
31493,1
31494,1
31495,1
31496,1
31497,4
31498,4
31499,1
31500,1
31501,3
31502,1
31503,1
31504,1
31505,1
31506,1
31507,1
31508,1
31509,1
31510,1
31511,1
31512,3
31513,1
31514,3
31515,2
31516,3
31517,3
31518,2
31519,1
31520,1
31521,1
31522,1
31523,NA
31524,1
31525,1
31526,1
31527,1
31528,1
31529,1
31530,1
31531,1
31532,1
31533,3
31534,3
31535,2
31536,1
31537,1
31538,3
31539,3
31540,1
31541,1
31542,4
31543,1
31544,3
31545,1
31546,2
31547,1
31548,1
31549,2
31550,2
31551,1
31552,1
31553,1
31554,3
31555,1
31556,3
31557,1
31558,1
31559,1
31560,1
31561,1
31562,1
31563,1
31564,1
31565,3
31566,1
31567,1
31568,1
31569,1
31570,1
31571,2
31572,1
31573,3
31574,1
31575,1
31576,3
31577,1
31578,1
31579,1
31580,2
31581,1
31582,1
31583,3
31584,1
31585,2
31586,NA
31587,1
31588,1
31589,1
31590,1
31591,2
31592,3
31593,1
31594,1
31595,1
31596,1
31597,1
31598,1
31599,1
31600,4
31601,1
31602,1
31603,1
31604,1
31605,3
31606,1
31607,3
31608,4
31609,1
31610,1
31611,1
31612,3
31613,1
31614,1
31615,4
31616,1
31617,1
31618,1
31619,1
31620,1
31621,2
31622,1
31623,3
31624,1
31625,1
31626,1
31627,1
31628,1
31629,2
31630,1
31631,3
31632,3
31633,1
31634,3
31635,3
31636,1
31637,1
31638,1
31639,1
31640,3
31641,1
31642,4
31643,1
31644,4
31645,4
31646,2
31647,2
31648,1
31649,1
31650,3
31651,3
31652,1
31653,1
31654,1
31655,1
31656,1
31657,1
31658,1
31659,2
31660,1
31661,1
31662,2
31663,1
31664,1
31665,1
31666,1
31667,1
31668,1
31669,1
31670,1
31671,1
31672,1
31673,2
31674,1
31675,2
31676,1
31677,1
31678,1
31679,1
31680,3
31681,2
31682,1
31683,2
31684,1
31685,1
31686,4
31687,1
31688,1
31689,3
31690,1
31691,1
31692,1
31693,1
31694,1
31695,1
31696,1
31697,NA
31698,1
31699,1
31700,3
31701,4
31702,3
31703,1
31704,2
31705,1
31706,1
31707,1
31708,1
31709,1
31710,1
31711,3
31712,1
31713,1
31714,2
31715,2
31716,2
31717,3
31718,2
31719,1
31720,4
31721,1
31722,1
31723,1
31724,1
31725,2
31726,1
31727,1
31728,1
31729,1
31730,2
31731,1
31732,1
31733,3
31734,1
31735,1
31736,1
31737,1
31738,1
31739,2
31740,1
31741,1
31742,1
31743,3
31744,1
31745,1
31746,1
31747,1
31748,4
31749,NA
31750,1
31751,3
31752,2
31753,1
31754,1
31755,1
31756,3
31757,1
31758,1
31759,4
31760,1
31761,1
31762,3
31763,1
31764,3
31765,1
31766,NA
31767,1
31768,2
31769,3
31770,4
31771,1
31772,1
31773,1
31774,1
31775,1
31776,1
31777,3
31778,1
31779,3
31780,1
31781,1
31782,1
31783,1
31784,1
31785,1
31786,1
31787,1
31788,1
31789,1
31790,1
31791,2
31792,1
31793,1
31794,4
31795,1
31796,1
31797,3
31798,1
31799,1
31800,1
31801,2
31802,1
31803,1
31804,1
31805,1
31806,1
31807,1
31808,1
31809,1
31810,1
31811,3
31812,3
31813,1
31814,1
31815,1
31816,2
31817,1
31818,2
31819,3
31820,1
31821,1
31822,1
31823,1
31824,1
31825,1
31826,3
31827,1
31828,2
31829,1
31830,1
31831,1
31832,1
31833,3
31834,1
31835,1
31836,2
31837,3
31838,1
31839,NA
31840,4
31841,3
31842,1
31843,1
31844,1
31845,1
31846,1
31847,1
31848,1
31849,1
31850,2
31851,1
31852,2
31853,1
31854,1
31855,3
31856,1
31857,1
31858,3
31859,1
31860,1
31861,1
31862,1
31863,1
31864,1
31865,2
31866,1
31867,1
31868,1
31869,1
31870,3
31871,1
31872,1
31873,4
31874,1
31875,1
31876,1
31877,1
31878,1
31879,1
31880,3
31881,3
31882,1
31883,1
31884,1
31885,1
31886,1
31887,1
31888,1
31889,3
31890,1
31891,3
31892,1
31893,1
31894,2
31895,1
31896,1
31897,1
31898,1
31899,1
31900,1
31901,1
31902,1
31903,1
31904,1
31905,1
31906,1
31907,1
31908,1
31909,1
31910,1
31911,1
31912,1
31913,1
31914,1
31915,1
31916,1
31917,1
31918,1
31919,1
31920,1
31921,3
31922,2
31923,1
31924,1
31925,3
31926,1
31927,1
31928,1
31929,1
31930,4
31931,1
31932,1
31933,1
31934,1
31935,2
31936,2
31937,1
31938,1
31939,1
31940,3
31941,1
31942,1
31943,1
31944,1
31945,1
31946,1
31947,1
31948,3
31949,1
31950,3
31951,1
31952,1
31953,1
31954,1
31955,2
31956,3
31957,1
31958,1
31959,1
31960,2
31961,4
31962,2
31963,3
31964,1
31965,1
31966,2
31967,1
31968,4
31969,3
31970,1
31971,1
31972,1
31973,1
31974,4
31975,3
31976,1
31977,1
31978,1
31979,1
31980,1
31981,4
31982,3
31983,NA
31984,1
31985,1
31986,2
31987,1
31988,1
31989,3
31990,1
31991,1
31992,1
31993,1
31994,1
31995,1
31996,1
31997,1
31998,1
31999,1
32000,3
32001,1
32002,4
32003,1
32004,1
32005,1
32006,1
32007,1
32008,1
32009,3
32010,1
32011,1
32012,1
32013,1
32014,1
32015,1
32016,1
32017,1
32018,1
32019,1
32020,3
32021,1
32022,1
32023,1
32024,1
32025,2
32026,1
32027,3
32028,NA
32029,1
32030,1
32031,3
32032,2
32033,1
32034,4
32035,1
32036,1
32037,2
32038,2
32039,1
32040,1
32041,1
32042,1
32043,1
32044,1
32045,1
32046,1
32047,1
32048,1
32049,1
32050,4
32051,1
32052,1
32053,3
32054,2
32055,1
32056,2
32057,1
32058,3
32059,1
32060,1
32061,1
32062,1
32063,1
32064,1
32065,NA
32066,1
32067,1
32068,1
32069,1
32070,1
32071,1
32072,1
32073,2
32074,1
32075,1
32076,3
32077,1
32078,1
32079,1
32080,2
32081,3
32082,1
32083,1
32084,1
32085,NA
32086,2
32087,4
32088,4
32089,1
32090,1
32091,NA
32092,1
32093,2
32094,1
32095,1
32096,3
32097,4
32098,1
32099,1
32100,1
32101,1
32102,1
32103,1
32104,1
32105,3
32106,3
32107,1
32108,3
32109,2
32110,1
32111,2
32112,1
32113,1
32114,4
32115,1
32116,1
32117,3
32118,1
32119,2
32120,1
32121,1
32122,1
32123,1
32124,1
32125,1
32126,2
32127,1
32128,1
32129,1
32130,1
32131,1
32132,1
32133,1
32134,1
32135,1
32136,1
32137,2
32138,1
32139,3
32140,1
32141,1
32142,3
32143,1
32144,1
32145,1
32146,1
32147,2
32148,1
32149,3
32150,1
32151,1
32152,4
32153,1
32154,1
32155,1
32156,1
32157,4
32158,1
32159,2
32160,1
32161,3
32162,2
32163,2
32164,1
32165,3
32166,1
32167,1
32168,4
32169,1
32170,1
32171,1
32172,1
32173,1
32174,2
32175,1
32176,1
32177,1
32178,1
32179,4
32180,1
32181,1
32182,1
32183,1
32184,1
32185,3
32186,4
32187,3
32188,1
32189,1
32190,1
32191,1
32192,1
32193,1
32194,3
32195,3
32196,1
32197,1
32198,1
32199,1
32200,1
32201,1
32202,1
32203,1
32204,1
32205,1
32206,1
32207,1
32208,1
32209,1
32210,1
32211,1
32212,1
32213,1
32214,4
32215,4
32216,1
32217,4
32218,2
32219,4
32220,1
32221,1
32222,2
32223,2
32224,1
32225,2
32226,1
32227,2
32228,1
32229,1
32230,1
32231,1
32232,1
32233,2
32234,3
32235,3
32236,2
32237,1
32238,1
32239,1
32240,1
32241,1
32242,1
32243,1
32244,1
32245,1
32246,2
32247,1
32248,1
32249,1
32250,1
32251,1
32252,1
32253,1
32254,1
32255,4
32256,1
32257,3
32258,3
32259,1
32260,1
32261,1
32262,1
32263,1
32264,1
32265,1
32266,1
32267,1
32268,1
32269,1
32270,1
32271,1
32272,NA
32273,3
32274,4
32275,3
32276,1
32277,3
32278,1
32279,1
32280,1
32281,1
32282,2
32283,1
32284,1
32285,1
32286,1
32287,1
32288,1
32289,1
32290,1
32291,3
32292,4
32293,1
32294,1
32295,2
32296,1
32297,1
32298,2
32299,1
32300,1
32301,1
32302,1
32303,1
32304,3
32305,3
32306,1
32307,1
32308,NA
32309,1
32310,2
32311,1
32312,1
32313,1
32314,1
32315,4
32316,1
32317,3
32318,4
32319,2
32320,1
32321,1
32322,1
32323,1
32324,1
32325,1
32326,3
32327,1
32328,1
32329,1
32330,1
32331,1
32332,3
32333,2
32334,2
32335,3
32336,1
32337,4
32338,1
32339,1
32340,1
32341,1
32342,1
32343,1
32344,3
32345,1
32346,1
32347,1
32348,3
32349,1
32350,1
32351,1
32352,1
32353,3
32354,3
32355,3
32356,1
32357,1
32358,1
32359,1
32360,1
32361,3
32362,3
32363,1
32364,1
32365,1
32366,4
32367,4
32368,1
32369,1
32370,1
32371,1
32372,1
32373,1
32374,2
32375,1
32376,3
32377,1
32378,1
32379,1
32380,1
32381,1
32382,1
32383,1
32384,1
32385,1
32386,1
32387,1
32388,1
32389,3
32390,3
32391,2
32392,1
32393,2
32394,3
32395,3
32396,2
32397,3
32398,3
32399,1
32400,1
32401,1
32402,1
32403,1
32404,1
32405,1
32406,1
32407,1
32408,2
32409,3
32410,1
32411,1
32412,2
32413,1
32414,1
32415,1
32416,1
32417,1
32418,1
32419,3
32420,1
32421,1
32422,1
32423,1
32424,1
32425,2
32426,1
32427,3
32428,1
32429,1
32430,1
32431,1
32432,1
32433,1
32434,1
32435,1
32436,1
32437,1
32438,1
32439,1
32440,1
32441,4
32442,1
32443,1
32444,1
32445,1
32446,3
32447,1
32448,1
32449,1
32450,3
32451,3
32452,1
32453,1
32454,1
32455,1
32456,2
32457,1
32458,1
32459,1
32460,2
32461,1
32462,3
32463,1
32464,1
32465,3
32466,1
32467,NA
32468,1
32469,4
32470,1
32471,1
32472,1
32473,1
32474,1
32475,4
32476,1
32477,1
32478,1
32479,1
32480,3
32481,1
32482,3
32483,3
32484,1
32485,1
32486,3
32487,1
32488,1
32489,1
32490,1
32491,1
32492,1
32493,1
32494,1
32495,1
32496,1
32497,1
32498,1
32499,1
32500,1
32501,1
32502,3
32503,1
32504,1
32505,3
32506,1
32507,1
32508,1
32509,1
32510,1
32511,1
32512,4
32513,2
32514,2
32515,3
32516,3
32517,2
32518,1
32519,1
32520,1
32521,1
32522,1
32523,1
32524,1
32525,3
32526,1
32527,1
32528,1
32529,1
32530,1
32531,1
32532,4
32533,1
32534,1
32535,2
32536,NA
32537,1
32538,1
32539,1
32540,1
32541,1
32542,3
32543,1
32544,1
32545,1
32546,1
32547,1
32548,1
32549,1
32550,1
32551,1
32552,2
32553,1
32554,1
32555,4
32556,1
32557,1
32558,1
32559,1
32560,1
32561,4
32562,1
32563,3
32564,1
32565,1
32566,1
32567,4
32568,1
32569,2
32570,1
32571,1
32572,1
32573,1
32574,1
32575,1
32576,4
32577,1
32578,1
32579,1
32580,1
32581,1
32582,2
32583,1
32584,1
32585,1
32586,1
32587,1
32588,1
32589,1
32590,1
32591,1
32592,1
32593,3
32594,1
32595,1
32596,1
32597,1
32598,1
32599,1
32600,1
32601,2
32602,NA
32603,1
32604,1
32605,1
32606,2
32607,3
32608,1
32609,2
32610,1
32611,1
32612,NA
32613,NA
32614,1
32615,1
32616,1
32617,2
32618,1
32619,1
32620,1
32621,2
32622,1
32623,1
32624,2
32625,1
32626,1
32627,3
32628,4
32629,1
32630,3
32631,1
32632,1
32633,1
32634,1
32635,1
32636,1
32637,2
32638,1
32639,1
32640,1
32641,1
32642,1
32643,3
32644,1
32645,3
32646,2
32647,1
32648,1
32649,1
32650,1
32651,1
32652,1
32653,3
32654,1
32655,1
32656,1
32657,1
32658,3
32659,1
32660,3
32661,1
32662,4
32663,1
32664,1
32665,1
32666,1
32667,2
32668,4
32669,3
32670,3
32671,1
32672,3
32673,1
32674,1
32675,1
32676,1
32677,1
32678,4
32679,2
32680,1
32681,1
32682,1
32683,1
32684,1
32685,2
32686,1
32687,3
32688,3
32689,1
32690,1
32691,1
32692,1
32693,2
32694,1
32695,3
32696,1
32697,1
32698,1
32699,2
32700,1
32701,1
32702,1
32703,1
32704,1
32705,1
32706,3
32707,2
32708,1
32709,2
32710,1
32711,1
32712,2
32713,1
32714,1
32715,3
32716,1
32717,1
32718,2
32719,1
32720,2
32721,1
32722,2
32723,1
32724,1
32725,1
32726,1
32727,2
32728,2
32729,1
32730,1
32731,1
32732,1
32733,1
32734,1
32735,1
32736,1
32737,3
32738,1
32739,1
32740,1
32741,3
32742,1
32743,1
32744,3
32745,1
32746,1
32747,3
32748,1
32749,2
32750,3
32751,1
32752,1
32753,2
32754,1
32755,1
32756,1
32757,1
32758,2
32759,1
32760,1
32761,1
32762,1
32763,1
32764,2
32765,4
32766,2
32767,1
32768,1
32769,1
32770,4
32771,1
32772,1
32773,1
32774,1
32775,1
32776,4
32777,1
32778,1
32779,1
32780,1
32781,1
32782,1
32783,1
32784,1
32785,1
32786,4
32787,3
32788,1
32789,1
32790,1
32791,4
32792,1
32793,3
32794,4
32795,4
32796,1
32797,1
32798,4
32799,1
32800,1
32801,1
32802,1
32803,3
32804,1
32805,3
32806,3
32807,1
32808,1
32809,1
32810,1
32811,2
32812,1
32813,1
32814,1
32815,1
32816,3
32817,1
32818,1
32819,NA
32820,4
32821,1
32822,1
32823,2
32824,2
32825,1
32826,1
32827,NA
32828,1
32829,1
32830,1
32831,1
32832,1
32833,2
32834,1
32835,4
32836,3
32837,1
32838,1
32839,1
32840,1
32841,2
32842,1
32843,1
32844,1
32845,1
32846,1
32847,1
32848,3
32849,1
32850,4
32851,1
32852,1
32853,1
32854,1
32855,1
32856,1
32857,1
32858,1
32859,1
32860,1
32861,1
32862,1
32863,1
32864,1
32865,1
32866,1
32867,1
32868,1
32869,1
32870,1
32871,2
32872,1
32873,1
32874,1
32875,1
32876,1
32877,2
32878,1
32879,1
32880,1
32881,2
32882,3
32883,1
32884,1
32885,1
32886,3
32887,3
32888,2
32889,1
32890,1
32891,1
32892,1
32893,1
32894,1
32895,3
32896,1
32897,1
32898,2
32899,1
32900,1
32901,2
32902,1
32903,2
32904,1
32905,2
32906,1
32907,1
32908,1
32909,2
32910,1
32911,3
32912,1
32913,1
32914,4
32915,1
32916,1
32917,1
32918,1
32919,1
32920,1
32921,3
32922,1
32923,2
32924,1
32925,3
32926,1
32927,1
32928,4
32929,1
32930,1
32931,1
32932,1
32933,3
32934,1
32935,1
32936,1
32937,3
32938,1
32939,1
32940,1
32941,1
32942,1
32943,1
32944,1
32945,1
32946,1
32947,1
32948,4
32949,1
32950,3
32951,1
32952,1
32953,1
32954,1
32955,1
32956,2
32957,2
32958,1
32959,1
32960,1
32961,1
32962,1
32963,2
32964,1
32965,1
32966,1
32967,2
32968,1
32969,1
32970,1
32971,1
32972,1
32973,4
32974,3
32975,1
32976,1
32977,1
32978,2
32979,1
32980,1
32981,1
32982,4
32983,3
32984,4
32985,4
32986,1
32987,1
32988,1
32989,1
32990,1
32991,1
32992,4
32993,1
32994,1
32995,3
32996,4
32997,1
32998,1
32999,3
33000,1
33001,1
33002,1
33003,1
33004,1
33005,1
33006,1
33007,2
33008,1
33009,1
33010,1
33011,1
33012,1
33013,1
33014,1
33015,3
33016,3
33017,1
33018,4
33019,1
33020,2
33021,1
33022,1
33023,1
33024,3
33025,1
33026,1
33027,1
33028,3
33029,1
33030,1
33031,1
33032,1
33033,3
33034,3
33035,4
33036,3
33037,1
33038,4
33039,1
33040,1
33041,2
33042,1
33043,3
33044,2
33045,1
33046,1
33047,1
33048,1
33049,1
33050,3
33051,1
33052,1
33053,1
33054,1
33055,1
33056,1
33057,3
33058,1
33059,4
33060,1
33061,1
33062,2
33063,3
33064,3
33065,1
33066,3
33067,1
33068,1
33069,1
33070,NA
33071,3
33072,1
33073,2
33074,4
33075,1
33076,1
33077,1
33078,2
33079,1
33080,1
33081,1
33082,1
33083,1
33084,4
33085,1
33086,1
33087,3
33088,1
33089,1
33090,4
33091,1
33092,1
33093,1
33094,2
33095,3
33096,1
33097,1
33098,1
33099,1
33100,4
33101,1
33102,1
33103,1
33104,1
33105,1
33106,1
33107,2
33108,1
33109,1
33110,4
33111,1
33112,1
33113,1
33114,2
33115,3
33116,1
33117,1
33118,3
33119,1
33120,1
33121,1
33122,4
33123,1
33124,1
33125,1
33126,1
33127,2
33128,3
33129,1
33130,1
33131,1
33132,3
33133,1
33134,1
33135,1
33136,1
33137,4
33138,2
33139,NA
33140,4
33141,3
33142,1
33143,1
33144,2
33145,1
33146,1
33147,3
33148,3
33149,1
33150,1
33151,2
33152,1
33153,1
33154,3
33155,3
33156,4
33157,4
33158,2
33159,1
33160,2
33161,3
33162,3
33163,1
33164,2
33165,1
33166,1
33167,1
33168,4
33169,1
33170,3
33171,1
33172,1
33173,1
33174,3
33175,2
33176,1
33177,1
33178,1
33179,3
33180,2
33181,4
33182,4
33183,2
33184,1
33185,1
33186,NA
33187,1
33188,2
33189,1
33190,2
33191,3
33192,1
33193,2
33194,2
33195,1
33196,1
33197,1
33198,2
33199,1
33200,2
33201,1
33202,1
33203,1
33204,1
33205,1
33206,4
33207,1
33208,1
33209,2
33210,1
33211,1
33212,1
33213,1
33214,1
33215,NA
33216,1
33217,2
33218,1
33219,1
33220,2
33221,3
33222,1
33223,1
33224,3
33225,2
33226,1
33227,3
33228,4
33229,3
33230,1
33231,1
33232,1
33233,1
33234,2
33235,1
33236,1
33237,2
33238,2
33239,1
33240,1
33241,1
33242,NA
33243,1
33244,1
33245,1
33246,1
33247,1
33248,1
33249,NA
33250,1
33251,3
33252,1
33253,3
33254,1
33255,1
33256,1
33257,1
33258,1
33259,1
33260,4
33261,1
33262,2
33263,2
33264,1
33265,3
33266,4
33267,2
33268,1
33269,1
33270,1
33271,2
33272,1
33273,1
33274,2
33275,1
33276,1
33277,1
33278,1
33279,1
33280,1
33281,1
33282,1
33283,1
33284,1
33285,1
33286,3
33287,4
33288,NA
33289,NA
33290,1
33291,1
33292,1
33293,3
33294,1
33295,1
33296,1
33297,2
33298,4
33299,2
33300,1
33301,2
33302,1
33303,NA
33304,1
33305,1
33306,1
33307,3
33308,1
33309,4
33310,3
33311,1
33312,3
33313,2
33314,1
33315,3
33316,3
33317,1
33318,1
33319,1
33320,1
33321,1
33322,1
33323,1
33324,1
33325,1
33326,2
33327,1
33328,4
33329,1
33330,3
33331,2
33332,1
33333,2
33334,1
33335,1
33336,2
33337,1
33338,1
33339,1
33340,1
33341,3
33342,4
33343,1
33344,1
33345,1
33346,1
33347,1
33348,1
33349,1
33350,4
33351,2
33352,1
33353,1
33354,3
33355,1
33356,1
33357,1
33358,1
33359,1
33360,1
33361,2
33362,1
33363,1
33364,1
33365,3
33366,1
33367,1
33368,1
33369,1
33370,1
33371,1
33372,1
33373,1
33374,1
33375,1
33376,1
33377,1
33378,3
33379,1
33380,4
33381,1
33382,1
33383,1
33384,1
33385,1
33386,3
33387,1
33388,1
33389,1
33390,1
33391,3
33392,1
33393,1
33394,1
33395,4
33396,1
33397,2
33398,1
33399,1
33400,1
33401,3
33402,1
33403,3
33404,1
33405,1
33406,1
33407,2
33408,4
33409,3
33410,1
33411,1
33412,3
33413,1
33414,3
33415,4
33416,1
33417,1
33418,1
33419,3
33420,1
33421,1
33422,2
33423,3
33424,1
33425,1
33426,1
33427,4
33428,2
33429,1
33430,1
33431,1
33432,1
33433,1
33434,1
33435,3
33436,4
33437,4
33438,1
33439,3
33440,1
33441,1
33442,1
33443,4
33444,1
33445,2
33446,1
33447,3
33448,3
33449,2
33450,1
33451,1
33452,1
33453,4
33454,1
33455,1
33456,2
33457,1
33458,3
33459,1
33460,1
33461,1
33462,NA
33463,1
33464,1
33465,1
33466,1
33467,1
33468,1
33469,1
33470,1
33471,1
33472,1
33473,1
33474,1
33475,1
33476,1
33477,1
33478,1
33479,1
33480,NA
33481,3
33482,1
33483,1
33484,1
33485,3
33486,4
33487,3
33488,1
33489,1
33490,1
33491,1
33492,1
33493,2
33494,1
33495,1
33496,1
33497,3
33498,2
33499,1
33500,1
33501,2
33502,4
33503,2
33504,1
33505,1
33506,1
33507,3
33508,1
33509,1
33510,2
33511,4
33512,3
33513,1
33514,1
33515,2
33516,1
33517,1
33518,1
33519,1
33520,1
33521,1
33522,1
33523,1
33524,3
33525,1
33526,1
33527,1
33528,1
33529,1
33530,1
33531,1
33532,1
33533,1
33534,1
33535,1
33536,1
33537,1
33538,1
33539,1
33540,1
33541,1
33542,1
33543,1
33544,1
33545,2
33546,1
33547,1
33548,4
33549,1
33550,1
33551,1
33552,1
33553,1
33554,2
33555,2
33556,2
33557,1
33558,1
33559,1
33560,1
33561,1
33562,1
33563,1
33564,1
33565,1
33566,1
33567,1
33568,1
33569,1
33570,1
33571,NA
33572,3
33573,1
33574,1
33575,1
33576,1
33577,1
33578,1
33579,NA
33580,1
33581,1
33582,1
33583,4
33584,1
33585,4
33586,1
33587,1
33588,2
33589,4
33590,2
33591,1
33592,1
33593,2
33594,1
33595,1
33596,1
33597,1
33598,1
33599,4
33600,1
33601,1
33602,1
33603,1
33604,1
33605,4
33606,3
33607,1
33608,1
33609,1
33610,4
33611,1
33612,1
33613,2
33614,1
33615,1
33616,1
33617,1
33618,1
33619,3
33620,1
33621,1
33622,1
33623,2
33624,1
33625,1
33626,1
33627,1
33628,1
33629,1
33630,4
33631,1
33632,1
33633,1
33634,1
33635,1
33636,2
33637,2
33638,1
33639,4
33640,1
33641,1
33642,1
33643,1
33644,1
33645,1
33646,1
33647,3
33648,1
33649,1
33650,1
33651,3
33652,1
33653,1
33654,3
33655,1
33656,1
33657,1
33658,1
33659,4
33660,1
33661,3
33662,1
33663,1
33664,1
33665,2
33666,1
33667,1
33668,1
33669,1
33670,1
33671,2
33672,3
33673,1
33674,4
33675,1
33676,1
33677,2
33678,NA
33679,1
33680,1
33681,1
33682,1
33683,1
33684,1
33685,1
33686,1
33687,1
33688,1
33689,1
33690,1
33691,2
33692,1
33693,1
33694,1
33695,1
33696,2
33697,2
33698,1
33699,1
33700,1
33701,1
33702,1
33703,3
33704,1
33705,2
33706,1
33707,3
33708,3
33709,4
33710,1
33711,1
33712,3
33713,1
33714,1
33715,1
33716,1
33717,3
33718,2
33719,1
33720,1
33721,1
33722,1
33723,1
33724,NA
33725,1
33726,1
33727,4
33728,1
33729,1
33730,1
33731,3
33732,1
33733,1
33734,3
33735,1
33736,1
33737,1
33738,1
33739,2
33740,3
33741,1
33742,3
33743,3
33744,4
33745,1
33746,2
33747,3
33748,1
33749,1
33750,1
33751,1
33752,1
33753,2
33754,1
33755,1
33756,1
33757,1
33758,1
33759,1
33760,1
33761,1
33762,1
33763,4
33764,1
33765,1
33766,4
33767,1
33768,1
33769,1
33770,1
33771,1
33772,1
33773,1
33774,1
33775,1
33776,1
33777,1
33778,1
33779,1
33780,3
33781,1
33782,1
33783,3
33784,1
33785,1
33786,2
33787,1
33788,NA
33789,1
33790,1
33791,3
33792,3
33793,1
33794,2
33795,1
33796,1
33797,2
33798,1
33799,1
33800,3
33801,1
33802,1
33803,1
33804,1
33805,1
33806,1
33807,1
33808,1
33809,2
33810,1
33811,1
33812,1
33813,1
33814,4
33815,4
33816,1
33817,1
33818,1
33819,1
33820,1
33821,1
33822,1
33823,1
33824,1
33825,3
33826,1
33827,1
33828,1
33829,1
33830,1
33831,1
33832,1
33833,1
33834,1
33835,4
33836,2
33837,3
33838,1
33839,1
33840,1
33841,1
33842,1
33843,2
33844,1
33845,NA
33846,3
33847,3
33848,1
33849,1
33850,1
33851,1
33852,1
33853,1
33854,3
33855,1
33856,2
33857,NA
33858,1
33859,3
33860,1
33861,1
33862,1
33863,1
33864,1
33865,2
33866,1
33867,1
33868,2
33869,2
33870,1
33871,1
33872,4
33873,1
33874,3
33875,1
33876,1
33877,1
33878,3
33879,1
33880,2
33881,1
33882,1
33883,2
33884,1
33885,1
33886,1
33887,1
33888,2
33889,3
33890,2
33891,1
33892,1
33893,3
33894,1
33895,1
33896,1
33897,3
33898,2
33899,4
33900,3
33901,1
33902,1
33903,2
33904,3
33905,4
33906,1
33907,2
33908,2
33909,2
33910,1
33911,1
33912,1
33913,1
33914,3
33915,1
33916,1
33917,1
33918,1
33919,2
33920,1
33921,1
33922,1
33923,1
33924,1
33925,1
33926,1
33927,3
33928,1
33929,1
33930,1
33931,1
33932,1
33933,3
33934,1
33935,2
33936,1
33937,1
33938,1
33939,3
33940,1
33941,1
33942,1
33943,1
33944,3
33945,1
33946,1
33947,1
33948,NA
33949,1
33950,1
33951,3
33952,2
33953,3
33954,1
33955,4
33956,1
33957,2
33958,1
33959,1
33960,1
33961,1
33962,1
33963,1
33964,4
33965,1
33966,1
33967,1
33968,1
33969,1
33970,3
33971,1
33972,1
33973,2
33974,1
33975,1
33976,1
33977,NA
33978,1
33979,1
33980,NA
33981,3
33982,1
33983,1
33984,1
33985,2
33986,3
33987,2
33988,1
33989,1
33990,1
33991,1
33992,1
33993,2
33994,1
33995,1
33996,1
33997,1
33998,4
33999,3
34000,3
34001,3
34002,1
34003,1
34004,1
34005,1
34006,1
34007,1
34008,1
34009,1
34010,1
34011,1
34012,1
34013,1
34014,1
34015,1
34016,1
34017,1
34018,4
34019,3
34020,3
34021,1
34022,1
34023,2
34024,1
34025,1
34026,1
34027,1
34028,1
34029,2
34030,1
34031,1
34032,4
34033,4
34034,1
34035,1
34036,1
34037,1
34038,1
34039,3
34040,1
34041,2
34042,3
34043,1
34044,3
34045,3
34046,1
34047,1
34048,1
34049,3
34050,2
34051,1
34052,1
34053,1
34054,3
34055,1
34056,1
34057,1
34058,1
34059,1
34060,2
34061,3
34062,1
34063,3
34064,1
34065,1
34066,3
34067,1
34068,2
34069,1
34070,1
34071,1
34072,1
34073,1
34074,1
34075,1
34076,1
34077,1
34078,1
34079,1
34080,1
34081,3
34082,1
34083,1
34084,1
34085,1
34086,1
34087,2
34088,1
34089,1
34090,1
34091,1
34092,1
34093,2
34094,1
34095,1
34096,1
34097,2
34098,1
34099,1
34100,1
34101,1
34102,1
34103,1
34104,1
34105,1
34106,3
34107,1
34108,1
34109,1
34110,3
34111,1
34112,1
34113,1
34114,1
34115,1
34116,3
34117,3
34118,3
34119,1
34120,1
34121,1
34122,1
34123,1
34124,1
34125,1
34126,1
34127,1
34128,1
34129,3
34130,1
34131,4
34132,1
34133,1
34134,3
34135,1
34136,1
34137,3
34138,1
34139,1
34140,2
34141,1
34142,2
34143,4
34144,1
34145,1
34146,1
34147,1
34148,1
34149,3
34150,1
34151,1
34152,1
34153,1
34154,1
34155,1
34156,4
34157,1
34158,1
34159,2
34160,2
34161,4
34162,2
34163,1
34164,2
34165,1
34166,2
34167,2
34168,1
34169,1
34170,1
34171,1
34172,1
34173,2
34174,1
34175,1
34176,1
34177,1
34178,1
34179,3
34180,3
34181,1
34182,3
34183,1
34184,4
34185,2
34186,1
34187,1
34188,3
34189,1
34190,1
34191,1
34192,1
34193,1
34194,1
34195,3
34196,3
34197,1
34198,1
34199,1
34200,2
34201,2
34202,1
34203,1
34204,2
34205,1
34206,1
34207,1
34208,1
34209,1
34210,1
34211,3
34212,1
34213,1
34214,2
34215,1
34216,1
34217,1
34218,1
34219,1
34220,1
34221,1
34222,1
34223,1
34224,1
34225,1
34226,1
34227,2
34228,1
34229,1
34230,1
34231,1
34232,3
34233,1
34234,1
34235,1
34236,3
34237,1
34238,1
34239,2
34240,4
34241,1
34242,2
34243,1
34244,1
34245,1
34246,3
34247,1
34248,1
34249,1
34250,1
34251,1
34252,1
34253,4
34254,3
34255,1
34256,2
34257,1
34258,1
34259,1
34260,1
34261,1
34262,2
34263,1
34264,3
34265,2
34266,1
34267,1
34268,4
34269,1
34270,1
34271,3
34272,1
34273,1
34274,1
34275,4
34276,4
34277,1
34278,3
34279,1
34280,1
34281,3
34282,2
34283,1
34284,1
34285,3
34286,1
34287,1
34288,1
34289,1
34290,1
34291,1
34292,3
34293,1
34294,1
34295,2
34296,1
34297,1
34298,1
34299,4
34300,4
34301,1
34302,1
34303,4
34304,1
34305,1
34306,1
34307,2
34308,2
34309,1
34310,4
34311,3
34312,1
34313,1
34314,1
34315,1
34316,1
34317,3
34318,1
34319,2
34320,2
34321,1
34322,1
34323,1
34324,1
34325,4
34326,1
34327,2
34328,1
34329,1
34330,1
34331,1
34332,2
34333,1
34334,1
34335,1
34336,1
34337,1
34338,1
34339,1
34340,1
34341,1
34342,2
34343,2
34344,1
34345,1
34346,1
34347,1
34348,1
34349,1
34350,2
34351,3
34352,2
34353,2
34354,1
34355,NA
34356,1
34357,4
34358,1
34359,1
34360,1
34361,1
34362,1
34363,3
34364,1
34365,1
34366,1
34367,1
34368,1
34369,1
34370,3
34371,1
34372,3
34373,1
34374,3
34375,1
34376,1
34377,2
34378,1
34379,1
34380,3
34381,4
34382,1
34383,1
34384,1
34385,2
34386,2
34387,1
34388,1
34389,1
34390,1
34391,1
34392,2
34393,1
34394,1
34395,1
34396,1
34397,1
34398,1
34399,1
34400,4
34401,4
34402,2
34403,1
34404,2
34405,1
34406,1
34407,4
34408,3
34409,1
34410,3
34411,1
34412,1
34413,1
34414,1
34415,1
34416,1
34417,1
34418,1
34419,1
34420,1
34421,2
34422,1
34423,4
34424,1
34425,1
34426,1
34427,1
34428,3
34429,1
34430,1
34431,1
34432,1
34433,1
34434,1
34435,3
34436,1
34437,1
34438,2
34439,1
34440,1
34441,1
34442,2
34443,1
34444,1
34445,1
34446,4
34447,1
34448,4
34449,3
34450,1
34451,1
34452,2
34453,1
34454,4
34455,4
34456,1
34457,1
34458,2
34459,1
34460,2
34461,1
34462,1
34463,1
34464,NA
34465,1
34466,3
34467,1
34468,3
34469,1
34470,1
34471,1
34472,1
34473,2
34474,1
34475,1
34476,1
34477,1
34478,1
34479,1
34480,NA
34481,1
34482,1
34483,1
34484,2
34485,1
34486,1
34487,2
34488,1
34489,1
34490,2
34491,1
34492,3
34493,1
34494,1
34495,4
34496,1
34497,1
34498,1
34499,1
34500,1
34501,1
34502,1
34503,1
34504,1
34505,1
34506,1
34507,1
34508,3
34509,1
34510,4
34511,3
34512,1
34513,3
34514,1
34515,3
34516,3
34517,1
34518,1
34519,4
34520,1
34521,1
34522,2
34523,1
34524,1
34525,4
34526,1
34527,1
34528,1
34529,3
34530,1
34531,1
34532,1
34533,1
34534,1
34535,1
34536,NA
34537,3
34538,1
34539,3
34540,1
34541,1
34542,2
34543,1
34544,1
34545,2
34546,1
34547,1
34548,1
34549,1
34550,1
34551,1
34552,3
34553,1
34554,1
34555,1
34556,1
34557,1
34558,4
34559,1
34560,1
34561,1
34562,1
34563,1
34564,1
34565,3
34566,1
34567,3
34568,NA
34569,NA
34570,2
34571,1
34572,1
34573,1
34574,2
34575,1
34576,1
34577,4
34578,1
34579,1
34580,1
34581,1
34582,1
34583,1
34584,1
34585,2
34586,1
34587,1
34588,1
34589,3
34590,2
34591,1
34592,2
34593,3
34594,1
34595,1
34596,1
34597,1
34598,3
34599,1
34600,NA
34601,1
34602,4
34603,1
34604,1
34605,1
34606,3
34607,3
34608,1
34609,1
34610,1
34611,1
34612,1
34613,2
34614,1
34615,1
34616,3
34617,1
34618,2
34619,1
34620,1
34621,1
34622,2
34623,1
34624,1
34625,1
34626,3
34627,1
34628,2
34629,1
34630,3
34631,1
34632,1
34633,1
34634,4
34635,3
34636,1
34637,3
34638,1
34639,1
34640,1
34641,1
34642,1
34643,3
34644,1
34645,1
34646,1
34647,1
34648,1
34649,1
34650,1
34651,3
34652,1
34653,1
34654,3
34655,1
34656,1
34657,3
34658,4
34659,1
34660,1
34661,1
34662,4
34663,2
34664,4
34665,4
34666,1
34667,3
34668,1
34669,1
34670,3
34671,1
34672,1
34673,3
34674,1
34675,2
34676,2
34677,4
34678,1
34679,3
34680,1
34681,1
34682,3
34683,1
34684,3
34685,3
34686,1
34687,4
34688,1
34689,1
34690,1
34691,3
34692,1
34693,2
34694,1
34695,1
34696,1
34697,1
34698,NA
34699,3
34700,1
34701,1
34702,1
34703,1
34704,1
34705,1
34706,1
34707,2
34708,1
34709,1
34710,1
34711,1
34712,1
34713,1
34714,4
34715,2
34716,1
34717,1
34718,3
34719,1
34720,3
34721,3
34722,1
34723,1
34724,1
34725,3
34726,4
34727,2
34728,1
34729,3
34730,1
34731,1
34732,3
34733,1
34734,1
34735,3
34736,1
34737,1
34738,3
34739,1
34740,2
34741,1
34742,1
34743,1
34744,3
34745,1
34746,1
34747,1
34748,1
34749,3
34750,1
34751,3
34752,4
34753,3
34754,1
34755,1
34756,1
34757,1
34758,1
34759,2
34760,1
34761,1
34762,1
34763,3
34764,1
34765,1
34766,1
34767,1
34768,1
34769,1
34770,1
34771,1
34772,1
34773,1
34774,1
34775,1
34776,2
34777,1
34778,2
34779,1
34780,3
34781,1
34782,1
34783,3
34784,2
34785,1
34786,3
34787,1
34788,1
34789,3
34790,1
34791,NA
34792,1
34793,1
34794,1
34795,1
34796,1
34797,1
34798,1
34799,1
34800,1
34801,1
34802,1
34803,1
34804,4
34805,1
34806,1
34807,2
34808,1
34809,1
34810,1
34811,1
34812,1
34813,1
34814,2
34815,2
34816,1
34817,3
34818,1
34819,2
34820,1
34821,NA
34822,4
34823,1
34824,1
34825,1
34826,3
34827,2
34828,1
34829,3
34830,1
34831,4
34832,1
34833,2
34834,3
34835,1
34836,4
34837,1
34838,4
34839,1
34840,1
34841,1
34842,3
34843,1
34844,1
34845,2
34846,1
34847,1
34848,1
34849,1
34850,1
34851,1
34852,1
34853,1
34854,3
34855,1
34856,1
34857,1
34858,4
34859,1
34860,2
34861,4
34862,4
34863,1
34864,2
34865,4
34866,3
34867,1
34868,1
34869,1
34870,1
34871,1
34872,1
34873,1
34874,1
34875,1
34876,1
34877,1
34878,1
34879,1
34880,1
34881,1
34882,1
34883,1
34884,1
34885,1
34886,1
34887,1
34888,1
34889,3
34890,3
34891,2
34892,1
34893,1
34894,3
34895,2
34896,1
34897,3
34898,4
34899,1
34900,NA
34901,1
34902,1
34903,4
34904,3
34905,3
34906,1
34907,3
34908,1
34909,3
34910,1
34911,1
34912,3
34913,1
34914,1
34915,1
34916,1
34917,1
34918,2
34919,3
34920,1
34921,NA
34922,1
34923,1
34924,2
34925,1
34926,1
34927,1
34928,1
34929,4
34930,1
34931,3
34932,3
34933,1
34934,1
34935,1
34936,NA
34937,1
34938,1
34939,3
34940,1
34941,1
34942,1
34943,1
34944,4
34945,3
34946,1
34947,1
34948,1
34949,1
34950,1
34951,3
34952,1
34953,1
34954,1
34955,1
34956,1
34957,1
34958,1
34959,1
34960,2
34961,3
34962,1
34963,3
34964,3
34965,1
34966,3
34967,1
34968,1
34969,1
34970,2
34971,1
34972,3
34973,2
34974,1
34975,1
34976,1
34977,1
34978,2
34979,1
34980,1
34981,2
34982,1
34983,2
34984,1
34985,1
34986,2
34987,1
34988,1
34989,4
34990,1
34991,1
34992,1
34993,1
34994,2
34995,3
34996,3
34997,1
34998,1
34999,2
35000,1
35001,1
35002,2
35003,3
35004,1
35005,3
35006,3
35007,1
35008,4
35009,1
35010,1
35011,3
35012,1
35013,3
35014,1
35015,1
35016,1
35017,1
35018,1
35019,2
35020,1
35021,1
35022,1
35023,1
35024,1
35025,4
35026,1
35027,1
35028,1
35029,1
35030,1
35031,3
35032,1
35033,1
35034,4
35035,3
35036,1
35037,1
35038,1
35039,1
35040,1
35041,1
35042,1
35043,1
35044,2
35045,3
35046,1
35047,3
35048,1
35049,1
35050,3
35051,2
35052,3
35053,1
35054,1
35055,1
35056,4
35057,2
35058,1
35059,2
35060,3
35061,1
35062,3
35063,2
35064,1
35065,2
35066,1
35067,1
35068,1
35069,1
35070,1
35071,1
35072,1
35073,1
35074,3
35075,2
35076,1
35077,4
35078,3
35079,1
35080,1
35081,1
35082,2
35083,1
35084,1
35085,3
35086,1
35087,1
35088,1
35089,2
35090,1
35091,1
35092,1
35093,1
35094,1
35095,1
35096,1
35097,1
35098,1
35099,1
35100,1
35101,1
35102,1
35103,1
35104,3
35105,3
35106,1
35107,1
35108,1
35109,1
35110,1
35111,1
35112,1
35113,1
35114,3
35115,1
35116,1
35117,1
35118,1
35119,1
35120,1
35121,1
35122,1
35123,3
35124,1
35125,1
35126,1
35127,1
35128,1
35129,2
35130,1
35131,1
35132,1
35133,1
35134,4
35135,2
35136,1
35137,3
35138,1
35139,1
35140,1
35141,2
35142,1
35143,1
35144,1
35145,1
35146,1
35147,4
35148,1
35149,1
35150,1
35151,1
35152,1
35153,4
35154,1
35155,1
35156,2
35157,1
35158,1
35159,1
35160,1
35161,2
35162,1
35163,1
35164,3
35165,1
35166,1
35167,2
35168,NA
35169,3
35170,3
35171,1
35172,1
35173,1
35174,1
35175,1
35176,3
35177,1
35178,1
35179,2
35180,1
35181,2
35182,1
35183,4
35184,1
35185,1
35186,2
35187,1
35188,4
35189,1
35190,1
35191,1
35192,1
35193,3
35194,3
35195,1
35196,4
35197,3
35198,1
35199,1
35200,1
35201,4
35202,1
35203,1
35204,1
35205,1
35206,1
35207,2
35208,1
35209,4
35210,1
35211,1
35212,NA
35213,1
35214,1
35215,1
35216,1
35217,1
35218,1
35219,1
35220,1
35221,4
35222,1
35223,2
35224,1
35225,1
35226,1
35227,3
35228,1
35229,NA
35230,1
35231,4
35232,1
35233,1
35234,1
35235,1
35236,1
35237,3
35238,1
35239,3
35240,3
35241,3
35242,1
35243,3
35244,1
35245,1
35246,1
35247,1
35248,1
35249,3
35250,2
35251,1
35252,3
35253,1
35254,1
35255,1
35256,1
35257,3
35258,4
35259,1
35260,1
35261,3
35262,1
35263,1
35264,1
35265,1
35266,1
35267,1
35268,1
35269,3
35270,3
35271,4
35272,1
35273,2
35274,1
35275,1
35276,1
35277,1
35278,1
35279,1
35280,1
35281,2
35282,1
35283,3
35284,4
35285,1
35286,1
35287,3
35288,3
35289,1
35290,4
35291,3
35292,1
35293,1
35294,1
35295,2
35296,1
35297,1
35298,1
35299,1
35300,3
35301,1
35302,2
35303,1
35304,1
35305,3
35306,1
35307,3
35308,1
35309,1
35310,1
35311,1
35312,3
35313,1
35314,1
35315,1
35316,1
35317,1
35318,1
35319,NA
35320,3
35321,1
35322,3
35323,1
35324,1
35325,1
35326,1
35327,3
35328,1
35329,1
35330,1
35331,1
35332,2
35333,1
35334,2
35335,1
35336,NA
35337,2
35338,1
35339,3
35340,1
35341,1
35342,1
35343,1
35344,1
35345,1
35346,1
35347,1
35348,3
35349,1
35350,1
35351,4
35352,1
35353,1
35354,3
35355,1
35356,3
35357,3
35358,1
35359,2
35360,1
35361,1
35362,3
35363,1
35364,1
35365,1
35366,1
35367,1
35368,4
35369,2
35370,4
35371,4
35372,1
35373,1
35374,1
35375,1
35376,1
35377,1
35378,1
35379,1
35380,1
35381,4
35382,1
35383,1
35384,1
35385,1
35386,4
35387,1
35388,3
35389,3
35390,1
35391,4
35392,1
35393,3
35394,3
35395,1
35396,1
35397,1
35398,1
35399,1
35400,2
35401,1
35402,1
35403,1
35404,3
35405,1
35406,1
35407,1
35408,1
35409,1
35410,2
35411,2
35412,1
35413,1
35414,1
35415,1
35416,1
35417,1
35418,4
35419,4
35420,1
35421,1
35422,2
35423,1
35424,1
35425,4
35426,2
35427,1
35428,1
35429,1
35430,1
35431,3
35432,1
35433,1
35434,1
35435,1
35436,3
35437,1
35438,3
35439,1
35440,1
35441,1
35442,1
35443,1
35444,1
35445,1
35446,3
35447,1
35448,1
35449,3
35450,1
35451,4
35452,1
35453,3
35454,1
35455,2
35456,2
35457,1
35458,1
35459,3
35460,2
35461,1
35462,1
35463,2
35464,1
35465,1
35466,3
35467,1
35468,1
35469,1
35470,1
35471,4
35472,1
35473,4
35474,3
35475,1
35476,3
35477,1
35478,1
35479,1
35480,1
35481,1
35482,1
35483,1
35484,1
35485,1
35486,2
35487,1
35488,4
35489,1
35490,1
35491,1
35492,NA
35493,1
35494,1
35495,1
35496,1
35497,3
35498,1
35499,1
35500,1
35501,1
35502,1
35503,2
35504,2
35505,1
35506,1
35507,1
35508,2
35509,1
35510,1
35511,4
35512,2
35513,1
35514,1
35515,1
35516,2
35517,1
35518,1
35519,1
35520,1
35521,2
35522,1
35523,1
35524,3
35525,1
35526,4
35527,1
35528,1
35529,1
35530,1
35531,3
35532,1
35533,4
35534,2
35535,1
35536,1
35537,1
35538,1
35539,1
35540,1
35541,1
35542,3
35543,1
35544,1
35545,1
35546,1
35547,1
35548,1
35549,1
35550,3
35551,1
35552,2
35553,2
35554,1
35555,1
35556,4
35557,3
35558,1
35559,2
35560,1
35561,1
35562,2
35563,1
35564,1
35565,4
35566,1
35567,1
35568,1
35569,1
35570,2
35571,1
35572,1
35573,1
35574,2
35575,3
35576,1
35577,1
35578,1
35579,4
35580,1
35581,3
35582,1
35583,1
35584,2
35585,3
35586,3
35587,3
35588,1
35589,2
35590,2
35591,1
35592,1
35593,1
35594,1
35595,3
35596,3
35597,1
35598,2
35599,3
35600,1
35601,3
35602,1
35603,1
35604,1
35605,4
35606,1
35607,1
35608,1
35609,1
35610,3
35611,1
35612,1
35613,1
35614,1
35615,2
35616,1
35617,1
35618,1
35619,3
35620,1
35621,1
35622,3
35623,3
35624,2
35625,1
35626,1
35627,4
35628,3
35629,2
35630,1
35631,1
35632,1
35633,1
35634,1
35635,1
35636,1
35637,2
35638,1
35639,3
35640,1
35641,1
35642,1
35643,1
35644,4
35645,1
35646,1
35647,3
35648,4
35649,1
35650,2
35651,1
35652,3
35653,1
35654,1
35655,1
35656,1
35657,2
35658,1
35659,1
35660,1
35661,1
35662,1
35663,1
35664,1
35665,1
35666,3
35667,1
35668,1
35669,2
35670,1
35671,3
35672,1
35673,1
35674,1
35675,1
35676,2
35677,1
35678,3
35679,1
35680,2
35681,1
35682,2
35683,4
35684,1
35685,2
35686,2
35687,1
35688,1
35689,1
35690,1
35691,4
35692,1
35693,2
35694,1
35695,1
35696,1
35697,4
35698,2
35699,1
35700,1
35701,1
35702,1
35703,2
35704,3
35705,1
35706,NA
35707,4
35708,1
35709,1
35710,NA
35711,3
35712,1
35713,1
35714,4
35715,3
35716,3
35717,1
35718,1
35719,1
35720,2
35721,3
35722,1
35723,4
35724,1
35725,2
35726,1
35727,1
35728,1
35729,3
35730,2
35731,2
35732,2
35733,2
35734,1
35735,2
35736,3
35737,1
35738,1
35739,4
35740,1
35741,1
35742,4
35743,1
35744,1
35745,1
35746,3
35747,1
35748,3
35749,1
35750,1
35751,1
35752,3
35753,1
35754,1
35755,1
35756,2
35757,4
35758,1
35759,1
35760,4
35761,1
35762,4
35763,1
35764,1
35765,1
35766,1
35767,1
35768,1
35769,1
35770,2
35771,1
35772,1
35773,1
35774,1
35775,1
35776,1
35777,1
35778,1
35779,3
35780,3
35781,1
35782,1
35783,1
35784,1
35785,1
35786,3
35787,1
35788,1
35789,3
35790,1
35791,3
35792,1
35793,1
35794,3
35795,1
35796,2
35797,1
35798,1
35799,NA
35800,1
35801,1
35802,1
35803,2
35804,1
35805,1
35806,3
35807,NA
35808,1
35809,1
35810,1
35811,3
35812,4
35813,1
35814,1
35815,1
35816,3
35817,3
35818,1
35819,1
35820,1
35821,1
35822,1
35823,1
35824,3
35825,1
35826,1
35827,1
35828,1
35829,4
35830,2
35831,4
35832,1
35833,1
35834,2
35835,1
35836,1
35837,2
35838,1
35839,1
35840,3
35841,3
35842,1
35843,1
35844,1
35845,4
35846,3
35847,1
35848,2
35849,1
35850,4
35851,1
35852,1
35853,1
35854,1
35855,1
35856,1
35857,1
35858,1
35859,3
35860,1
35861,1
35862,1
35863,1
35864,2
35865,1
35866,NA
35867,1
35868,1
35869,1
35870,1
35871,1
35872,1
35873,1
35874,1
35875,2
35876,1
35877,1
35878,3
35879,1
35880,1
35881,2
35882,2
35883,NA
35884,1
35885,1
35886,1
35887,1
35888,3
35889,1
35890,1
35891,1
35892,1
35893,1
35894,1
35895,3
35896,2
35897,1
35898,1
35899,1
35900,4
35901,1
35902,1
35903,1
35904,1
35905,1
35906,3
35907,1
35908,1
35909,3
35910,1
35911,3
35912,2
35913,4
35914,3
35915,1
35916,1
35917,1
35918,2
35919,3
35920,2
35921,3
35922,1
35923,1
35924,2
35925,4
35926,1
35927,1
35928,1
35929,3
35930,1
35931,1
35932,2
35933,1
35934,1
35935,1
35936,1
35937,1
35938,4
35939,1
35940,1
35941,2
35942,1
35943,1
35944,1
35945,1
35946,2
35947,1
35948,2
35949,3
35950,1
35951,1
35952,2
35953,3
35954,1
35955,2
35956,1
35957,1
35958,1
35959,1
35960,3
35961,1
35962,1
35963,3
35964,1
35965,1
35966,3
35967,1
35968,1
35969,1
35970,3
35971,1
35972,1
35973,1
35974,1
35975,1
35976,1
35977,1
35978,1
35979,4
35980,1
35981,1
35982,1
35983,1
35984,1
35985,3
35986,1
35987,1
35988,1
35989,1
35990,1
35991,1
35992,1
35993,4
35994,1
35995,1
35996,1
35997,1
35998,1
35999,1
36000,1
36001,1
36002,1
36003,1
36004,1
36005,1
36006,1
36007,1
36008,1
36009,4
36010,1
36011,1
36012,1
36013,3
36014,1
36015,1
36016,1
36017,2
36018,2
36019,1
36020,1
36021,1
36022,1
36023,1
36024,1
36025,3
36026,1
36027,1
36028,1
36029,2
36030,1
36031,3
36032,1
36033,1
36034,1
36035,1
36036,4
36037,1
36038,1
36039,3
36040,2
36041,1
36042,4
36043,1
36044,1
36045,1
36046,1
36047,1
36048,1
36049,3
36050,1
36051,2
36052,1
36053,1
36054,1
36055,3
36056,1
36057,1
36058,1
36059,3
36060,1
36061,1
36062,1
36063,2
36064,3
36065,1
36066,1
36067,1
36068,1
36069,1
36070,1
36071,2
36072,1
36073,1
36074,1
36075,1
36076,1
36077,1
36078,1
36079,4
36080,1
36081,1
36082,3
36083,1
36084,1
36085,1
36086,1
36087,1
36088,1
36089,3
36090,3
36091,2
36092,3
36093,1
36094,1
36095,2
36096,1
36097,1
36098,1
36099,1
36100,1
36101,1
36102,1
36103,2
36104,1
36105,1
36106,1
36107,1
36108,2
36109,2
36110,1
36111,1
36112,1
36113,1
36114,3
36115,1
36116,4
36117,4
36118,1
36119,1
36120,1
36121,1
36122,3
36123,1
36124,3
36125,1
36126,1
36127,4
36128,1
36129,1
36130,1
36131,1
36132,1
36133,1
36134,1
36135,1
36136,2
36137,4
36138,1
36139,1
36140,1
36141,1
36142,1
36143,3
36144,1
36145,1
36146,1
36147,1
36148,1
36149,1
36150,1
36151,1
36152,1
36153,1
36154,3
36155,1
36156,1
36157,3
36158,4
36159,1
36160,1
36161,3
36162,1
36163,1
36164,1
36165,1
36166,1
36167,1
36168,1
36169,1
36170,1
36171,1
36172,1
36173,3
36174,3
36175,1
36176,1
36177,3
36178,1
36179,2
36180,3
36181,1
36182,1
36183,1
36184,1
36185,NA
36186,4
36187,1
36188,1
36189,1
36190,1
36191,1
36192,1
36193,1
36194,1
36195,1
36196,1
36197,3
36198,1
36199,3
36200,1
36201,1
36202,1
36203,1
36204,3
36205,1
36206,2
36207,1
36208,3
36209,1
36210,1
36211,1
36212,1
36213,1
36214,1
36215,1
36216,1
36217,4
36218,1
36219,1
36220,1
36221,1
36222,3
36223,1
36224,1
36225,1
36226,2
36227,1
36228,4
36229,1
36230,1
36231,1
36232,1
36233,1
36234,3
36235,2
36236,1
36237,1
36238,2
36239,3
36240,1
36241,1
36242,1
36243,2
36244,1
36245,1
36246,1
36247,1
36248,1
36249,2
36250,3
36251,1
36252,3
36253,1
36254,2
36255,3
36256,4
36257,1
36258,1
36259,3
36260,1
36261,2
36262,3
36263,1
36264,1
36265,1
36266,1
36267,1
36268,2
36269,3
36270,1
36271,1
36272,1
36273,1
36274,3
36275,1
36276,1
36277,1
36278,1
36279,1
36280,3
36281,1
36282,1
36283,1
36284,1
36285,3
36286,1
36287,1
36288,1
36289,3
36290,2
36291,1
36292,3
36293,1
36294,1
36295,1
36296,4
36297,2
36298,1
36299,4
36300,1
36301,1
36302,3
36303,3
36304,2
36305,3
36306,3
36307,1
36308,NA
36309,2
36310,1
36311,1
36312,1
36313,1
36314,3
36315,4
36316,3
36317,1
36318,1
36319,3
36320,1
36321,1
36322,1
36323,1
36324,3
36325,2
36326,4
36327,3
36328,1
36329,1
36330,1
36331,1
36332,1
36333,1
36334,1
36335,1
36336,1
36337,1
36338,4
36339,3
36340,1
36341,4
36342,1
36343,3
36344,1
36345,3
36346,1
36347,1
36348,2
36349,3
36350,1
36351,1
36352,1
36353,1
36354,1
36355,3
36356,1
36357,1
36358,3
36359,1
36360,1
36361,1
36362,2
36363,1
36364,2
36365,1
36366,1
36367,1
36368,1
36369,1
36370,3
36371,1
36372,1
36373,1
36374,1
36375,2
36376,1
36377,1
36378,1
36379,1
36380,4
36381,4
36382,2
36383,2
36384,1
36385,1
36386,1
36387,4
36388,1
36389,1
36390,4
36391,1
36392,1
36393,3
36394,1
36395,1
36396,4
36397,1
36398,1
36399,1
36400,1
36401,1
36402,2
36403,1
36404,1
36405,1
36406,1
36407,1
36408,3
36409,1
36410,1
36411,1
36412,NA
36413,1
36414,1
36415,1
36416,4
36417,1
36418,1
36419,1
36420,1
36421,4
36422,1
36423,1
36424,1
36425,4
36426,1
36427,1
36428,3
36429,1
36430,3
36431,1
36432,1
36433,1
36434,1
36435,3
36436,1
36437,1
36438,1
36439,1
36440,1
36441,2
36442,3
36443,3
36444,3
36445,1
36446,1
36447,1
36448,NA
36449,2
36450,3
36451,1
36452,1
36453,1
36454,1
36455,3
36456,3
36457,1
36458,1
36459,3
36460,1
36461,2
36462,1
36463,1
36464,4
36465,1
36466,3
36467,3
36468,1
36469,3
36470,1
36471,2
36472,1
36473,4
36474,1
36475,1
36476,1
36477,1
36478,2
36479,1
36480,1
36481,1
36482,1
36483,1
36484,1
36485,4
36486,3
36487,1
36488,1
36489,1
36490,2
36491,3
36492,1
36493,1
36494,2
36495,1
36496,2
36497,1
36498,1
36499,1
36500,1
36501,1
36502,4
36503,4
36504,3
36505,2
36506,1
36507,3
36508,2
36509,1
36510,1
36511,1
36512,1
36513,1
36514,1
36515,1
36516,2
36517,3
36518,1
36519,1
36520,1
36521,1
36522,1
36523,1
36524,2
36525,1
36526,3
36527,1
36528,2
36529,3
36530,1
36531,1
36532,1
36533,4
36534,3
36535,1
36536,1
36537,1
36538,1
36539,1
36540,1
36541,1
36542,3
36543,NA
36544,2
36545,1
36546,1
36547,4
36548,1
36549,3
36550,1
36551,3
36552,2
36553,3
36554,1
36555,3
36556,1
36557,1
36558,2
36559,1
36560,2
36561,1
36562,1
36563,1
36564,1
36565,3
36566,3
36567,NA
36568,1
36569,1
36570,1
36571,4
36572,2
36573,3
36574,4
36575,2
36576,1
36577,1
36578,1
36579,1
36580,1
36581,2
36582,3
36583,1
36584,1
36585,1
36586,1
36587,1
36588,4
36589,1
36590,1
36591,1
36592,1
36593,1
36594,1
36595,1
36596,1
36597,3
36598,2
36599,4
36600,1
36601,1
36602,1
36603,3
36604,1
36605,1
36606,1
36607,1
36608,1
36609,1
36610,1
36611,1
36612,1
36613,1
36614,3
36615,1
36616,3
36617,1
36618,1
36619,1
36620,1
36621,1
36622,1
36623,1
36624,3
36625,3
36626,1
36627,1
36628,1
36629,1
36630,1
36631,1
36632,1
36633,1
36634,1
36635,1
36636,1
36637,1
36638,3
36639,1
36640,1
36641,3
36642,1
36643,1
36644,1
36645,1
36646,1
36647,1
36648,3
36649,1
36650,3
36651,2
36652,1
36653,1
36654,3
36655,4
36656,4
36657,1
36658,3
36659,1
36660,1
36661,3
36662,3
36663,1
36664,2
36665,1
36666,1
36667,1
36668,1
36669,1
36670,1
36671,3
36672,1
36673,1
36674,1
36675,4
36676,NA
36677,3
36678,1
36679,1
36680,1
36681,1
36682,1
36683,1
36684,1
36685,1
36686,2
36687,1
36688,1
36689,1
36690,4
36691,1
36692,1
36693,4
36694,1
36695,1
36696,1
36697,1
36698,1
36699,1
36700,3
36701,3
36702,3
36703,1
36704,1
36705,NA
36706,1
36707,1
36708,1
36709,1
36710,1
36711,1
36712,1
36713,1
36714,1
36715,NA
36716,2
36717,2
36718,1
36719,2
36720,3
36721,3
36722,1
36723,2
36724,4
36725,1
36726,1
36727,1
36728,1
36729,1
36730,1
36731,1
36732,1
36733,1
36734,1
36735,2
36736,1
36737,1
36738,NA
36739,1
36740,1
36741,1
36742,1
36743,1
36744,1
36745,1
36746,1
36747,3
36748,1
36749,1
36750,3
36751,1
36752,1
36753,1
36754,2
36755,4
36756,1
36757,NA
36758,3
36759,1
36760,1
36761,1
36762,1
36763,1
36764,1
36765,1
36766,3
36767,1
36768,1
36769,1
36770,1
36771,1
36772,1
36773,1
36774,1
36775,4
36776,1
36777,4
36778,1
36779,2
36780,1
36781,1
36782,1
36783,2
36784,1
36785,1
36786,2
36787,2
36788,1
36789,1
36790,1
36791,2
36792,1
36793,1
36794,4
36795,1
36796,1
36797,1
36798,1
36799,1
36800,1
36801,1
36802,2
36803,1
36804,3
36805,2
36806,1
36807,1
36808,1
36809,1
36810,1
36811,2
36812,2
36813,1
36814,1
36815,1
36816,1
36817,4
36818,1
36819,1
36820,1
36821,1
36822,1
36823,3
36824,1
36825,3
36826,3
36827,1
36828,3
36829,3
36830,1
36831,1
36832,1
36833,3
36834,1
36835,1
36836,3
36837,1
36838,1
36839,3
36840,1
36841,1
36842,3
36843,1
36844,1
36845,NA
36846,1
36847,1
36848,1
36849,1
36850,1
36851,4
36852,2
36853,1
36854,1
36855,1
36856,1
36857,1
36858,1
36859,1
36860,1
36861,1
36862,1
36863,1
36864,1
36865,3
36866,1
36867,1
36868,1
36869,1
36870,1
36871,1
36872,1
36873,2
36874,1
36875,1
36876,1
36877,4
36878,3
36879,1
36880,1
36881,1
36882,1
36883,1
36884,1
36885,1
36886,1
36887,1
36888,1
36889,3
36890,1
36891,1
36892,3
36893,1
36894,3
36895,1
36896,1
36897,1
36898,1
36899,1
36900,2
36901,1
36902,1
36903,1
36904,2
36905,1
36906,3
36907,1
36908,1
36909,3
36910,1
36911,1
36912,1
36913,3
36914,1
36915,2
36916,1
36917,2
36918,1
36919,1
36920,1
36921,1
36922,1
36923,1
36924,1
36925,1
36926,3
36927,1
36928,4
36929,4
36930,NA
36931,1
36932,1
36933,4
36934,1
36935,1
36936,1
36937,1
36938,1
36939,1
36940,1
36941,1
36942,4
36943,3
36944,NA
36945,1
36946,1
36947,1
36948,1
36949,1
36950,1
36951,1
36952,2
36953,4
36954,1
36955,1
36956,1
36957,1
36958,2
36959,1
36960,1
36961,4
36962,1
36963,1
36964,1
36965,1
36966,2
36967,1
36968,1
36969,1
36970,1
36971,1
36972,2
36973,1
36974,2
36975,1
36976,1
36977,1
36978,1
36979,1
36980,1
36981,1
36982,1
36983,1
36984,2
36985,1
36986,3
36987,1
36988,1
36989,1
36990,3
36991,3
36992,1
36993,1
36994,2
36995,1
36996,1
36997,4
36998,1
36999,1
37000,2
37001,1
37002,1
37003,3
37004,1
37005,1
37006,1
37007,1
37008,3
37009,3
37010,1
37011,3
37012,1
37013,1
37014,1
37015,1
37016,NA
37017,1
37018,1
37019,1
37020,1
37021,3
37022,1
37023,1
37024,1
37025,1
37026,1
37027,1
37028,4
37029,2
37030,4
37031,1
37032,1
37033,1
37034,1
37035,2
37036,1
37037,1
37038,1
37039,1
37040,1
37041,1
37042,1
37043,1
37044,1
37045,1
37046,2
37047,3
37048,4
37049,1
37050,1
37051,1
37052,1
37053,1
37054,1
37055,1
37056,1
37057,1
37058,NA
37059,2
37060,1
37061,3
37062,1
37063,1
37064,3
37065,1
37066,1
37067,1
37068,1
37069,1
37070,NA
37071,1
37072,1
37073,3
37074,4
37075,1
37076,3
37077,2
37078,1
37079,1
37080,1
37081,1
37082,1
37083,1
37084,1
37085,1
37086,1
37087,1
37088,1
37089,1
37090,1
37091,1
37092,1
37093,1
37094,1
37095,1
37096,1
37097,1
37098,3
37099,3
37100,1
37101,4
37102,1
37103,1
37104,1
37105,1
37106,1
37107,4
37108,2
37109,3
37110,1
37111,4
37112,1
37113,1
37114,3
37115,3
37116,1
37117,3
37118,1
37119,3
37120,1
37121,1
37122,1
37123,1
37124,1
37125,1
37126,3
37127,1
37128,1
37129,3
37130,1
37131,1
37132,3
37133,1
37134,1
37135,1
37136,1
37137,1
37138,4
37139,3
37140,2
37141,1
37142,2
37143,1
37144,1
37145,1
37146,2
37147,1
37148,1
37149,1
37150,1
37151,1
37152,1
37153,1
37154,1
37155,1
37156,1
37157,4
37158,1
37159,3
37160,3
37161,1
37162,3
37163,2
37164,1
37165,1
37166,1
37167,2
37168,1
37169,1
37170,1
37171,NA
37172,1
37173,2
37174,1
37175,1
37176,1
37177,3
37178,1
37179,2
37180,4
37181,1
37182,4
37183,1
37184,3
37185,1
37186,1
37187,1
37188,1
37189,4
37190,1
37191,1
37192,1
37193,1
37194,1
37195,3
37196,1
37197,1
37198,1
37199,1
37200,4
37201,3
37202,1
37203,4
37204,3
37205,1
37206,1
37207,3
37208,1
37209,2
37210,1
37211,NA
37212,1
37213,1
37214,1
37215,1
37216,2
37217,1
37218,1
37219,1
37220,1
37221,1
37222,2
37223,1
37224,3
37225,1
37226,1
37227,3
37228,1
37229,3
37230,1
37231,1
37232,2
37233,2
37234,3
37235,1
37236,1
37237,1
37238,1
37239,1
37240,3
37241,1
37242,1
37243,1
37244,4
37245,1
37246,1
37247,3
37248,1
37249,1
37250,1
37251,1
37252,1
37253,1
37254,1
37255,3
37256,3
37257,1
37258,2
37259,1
37260,1
37261,3
37262,2
37263,4
37264,1
37265,3
37266,1
37267,1
37268,2
37269,1
37270,1
37271,2
37272,3
37273,1
37274,1
37275,1
37276,1
37277,1
37278,1
37279,4
37280,1
37281,1
37282,2
37283,4
37284,2
37285,3
37286,1
37287,1
37288,4
37289,1
37290,1
37291,2
37292,1
37293,1
37294,1
37295,1
37296,3
37297,1
37298,1
37299,1
37300,1
37301,1
37302,1
37303,4
37304,1
37305,1
37306,3
37307,1
37308,1
37309,3
37310,1
37311,2
37312,1
37313,1
37314,3
37315,1
37316,1
37317,1
37318,1
37319,1
37320,1
37321,1
37322,3
37323,3
37324,2
37325,1
37326,1
37327,1
37328,2
37329,2
37330,1
37331,1
37332,1
37333,1
37334,4
37335,1
37336,3
37337,1
37338,1
37339,1
37340,3
37341,2
37342,1
37343,1
37344,1
37345,3
37346,1
37347,1
37348,1
37349,3
37350,1
37351,1
37352,1
37353,1
37354,1
37355,1
37356,1
37357,1
37358,1
37359,1
37360,1
37361,1
37362,1
37363,1
37364,1
37365,3
37366,1
37367,1
37368,1
37369,1
37370,4
37371,2
37372,1
37373,1
37374,1
37375,1
37376,1
37377,1
37378,1
37379,1
37380,2
37381,2
37382,1
37383,3
37384,1
37385,4
37386,1
37387,1
37388,1
37389,4
37390,1
37391,2
37392,1
37393,1
37394,1
37395,2
37396,1
37397,1
37398,4
37399,1
37400,1
37401,NA
37402,3
37403,4
37404,1
37405,3
37406,1
37407,1
37408,4
37409,3
37410,1
37411,1
37412,1
37413,2
37414,1
37415,1
37416,1
37417,1
37418,1
37419,1
37420,4
37421,3
37422,1
37423,1
37424,1
37425,1
37426,4
37427,2
37428,3
37429,1
37430,1
37431,1
37432,1
37433,1
37434,1
37435,1
37436,1
37437,1
37438,3
37439,3
37440,3
37441,1
37442,1
37443,2
37444,1
37445,3
37446,1
37447,1
37448,1
37449,1
37450,1
37451,1
37452,3
37453,2
37454,1
37455,1
37456,1
37457,1
37458,1
37459,1
37460,1
37461,1
37462,1
37463,1
37464,1
37465,1
37466,1
37467,2
37468,1
37469,1
37470,1
37471,3
37472,3
37473,3
37474,1
37475,1
37476,1
37477,1
37478,1
37479,4
37480,1
37481,4
37482,3
37483,4
37484,1
37485,1
37486,1
37487,1
37488,3
37489,3
37490,3
37491,1
37492,1
37493,3
37494,1
37495,4
37496,1
37497,1
37498,1
37499,1
37500,4
37501,1
37502,1
37503,4
37504,1
37505,2
37506,1
37507,2
37508,1
37509,1
37510,1
37511,1
37512,1
37513,4
37514,3
37515,1
37516,1
37517,1
37518,1
37519,3
37520,1
37521,1
37522,1
37523,2
37524,1
37525,3
37526,1
37527,1
37528,1
37529,1
37530,2
37531,1
37532,1
37533,3
37534,1
37535,1
37536,1
37537,3
37538,1
37539,1
37540,1
37541,2
37542,1
37543,1
37544,2
37545,1
37546,1
37547,4
37548,1
37549,1
37550,2
37551,1
37552,1
37553,1
37554,1
37555,1
37556,1
37557,2
37558,1
37559,1
37560,1
37561,2
37562,1
37563,1
37564,1
37565,2
37566,2
37567,1
37568,2
37569,1
37570,1
37571,2
37572,1
37573,4
37574,1
37575,1
37576,1
37577,1
37578,1
37579,1
37580,1
37581,1
37582,1
37583,1
37584,2
37585,1
37586,1
37587,1
37588,1
37589,1
37590,1
37591,2
37592,1
37593,1
37594,1
37595,3
37596,1
37597,1
37598,3
37599,3
37600,1
37601,1
37602,1
37603,1
37604,1
37605,1
37606,1
37607,4
37608,1
37609,1
37610,3
37611,2
37612,1
37613,1
37614,1
37615,1
37616,1
37617,3
37618,1
37619,1
37620,1
37621,1
37622,4
37623,1
37624,1
37625,NA
37626,1
37627,1
37628,1
37629,2
37630,1
37631,1
37632,1
37633,1
37634,1
37635,1
37636,1
37637,1
37638,1
37639,1
37640,2
37641,1
37642,3
37643,1
37644,1
37645,1
37646,1
37647,1
37648,1
37649,1
37650,1
37651,1
37652,1
37653,1
37654,2
37655,4
37656,2
37657,1
37658,2
37659,3
37660,1
37661,3
37662,1
37663,1
37664,3
37665,1
37666,1
37667,1
37668,1
37669,3
37670,1
37671,1
37672,1
37673,1
37674,1
37675,4
37676,1
37677,1
37678,4
37679,1
37680,1
37681,1
37682,1
37683,2
37684,1
37685,1
37686,1
37687,1
37688,1
37689,1
37690,1
37691,1
37692,1
37693,1
37694,4
37695,1
37696,1
37697,1
37698,1
37699,2
37700,1
37701,1
37702,1
37703,1
37704,1
37705,1
37706,3
37707,1
37708,4
37709,2
37710,1
37711,1
37712,1
37713,3
37714,1
37715,1
37716,1
37717,3
37718,1
37719,1
37720,1
37721,1
37722,1
37723,1
37724,1
37725,1
37726,1
37727,1
37728,1
37729,1
37730,2
37731,1
37732,2
37733,1
37734,1
37735,1
37736,1
37737,1
37738,1
37739,1
37740,1
37741,4
37742,3
37743,1
37744,1
37745,1
37746,1
37747,3
37748,1
37749,1
37750,3
37751,1
37752,2
37753,1
37754,1
37755,1
37756,4
37757,3
37758,1
37759,1
37760,1
37761,1
37762,1
37763,1
37764,2
37765,1
37766,1
37767,3
37768,3
37769,1
37770,1
37771,1
37772,4
37773,4
37774,2
37775,1
37776,1
37777,1
37778,1
37779,1
37780,1
37781,1
37782,2
37783,3
37784,1
37785,1
37786,1
37787,1
37788,1
37789,1
37790,1
37791,1
37792,1
37793,1
37794,NA
37795,1
37796,1
37797,1
37798,3
37799,1
37800,3
37801,1
37802,2
37803,1
37804,1
37805,2
37806,1
37807,1
37808,4
37809,3
37810,1
37811,1
37812,1
37813,NA
37814,1
37815,2
37816,1
37817,1
37818,1
37819,1
37820,4
37821,NA
37822,1
37823,2
37824,3
37825,1
37826,3
37827,1
37828,NA
37829,1
37830,1
37831,1
37832,1
37833,1
37834,1
37835,1
37836,1
37837,1
37838,1
37839,3
37840,3
37841,1
37842,1
37843,4
37844,1
37845,1
37846,3
37847,2
37848,1
37849,1
37850,1
37851,1
37852,1
37853,1
37854,3
37855,1
37856,1
37857,1
37858,1
37859,1
37860,1
37861,1
37862,1
37863,1
37864,1
37865,2
37866,1
37867,1
37868,1
37869,1
37870,1
37871,1
37872,1
37873,1
37874,1
37875,3
37876,3
37877,1
37878,1
37879,1
37880,3
37881,1
37882,1
37883,1
37884,1
37885,1
37886,1
37887,2
37888,1
37889,2
37890,2
37891,1
37892,1
37893,3
37894,1
37895,1
37896,1
37897,1
37898,1
37899,4
37900,1
37901,1
37902,1
37903,4
37904,3
37905,2
37906,2
37907,1
37908,1
37909,1
37910,1
37911,4
37912,1
37913,1
37914,1
37915,1
37916,1
37917,1
37918,3
37919,3
37920,1
37921,2
37922,1
37923,1
37924,1
37925,4
37926,1
37927,2
37928,1
37929,1
37930,1
37931,3
37932,1
37933,1
37934,1
37935,1
37936,1
37937,1
37938,1
37939,1
37940,3
37941,2
37942,1
37943,1
37944,1
37945,1
37946,1
37947,1
37948,1
37949,1
37950,3
37951,1
37952,1
37953,1
37954,1
37955,1
37956,1
37957,1
37958,1
37959,1
37960,1
37961,2
37962,1
37963,1
37964,1
37965,1
37966,2
37967,1
37968,3
37969,1
37970,1
37971,1
37972,1
37973,1
37974,3
37975,1
37976,1
37977,1
37978,1
37979,1
37980,1
37981,1
37982,1
37983,1
37984,3
37985,1
37986,3
37987,4
37988,2
37989,1
37990,3
37991,3
37992,1
37993,1
37994,1
37995,1
37996,1
37997,4
37998,1
37999,3
38000,3
38001,3
38002,1
38003,1
38004,1
38005,2
38006,3
38007,1
38008,1
38009,2
38010,1
38011,3
38012,1
38013,4
38014,1
38015,1
38016,2
38017,1
38018,3
38019,1
38020,1
38021,1
38022,1
38023,3
38024,1
38025,4
38026,1
38027,1
38028,1
38029,1
38030,1
38031,NA
38032,1
38033,1
38034,1
38035,1
38036,2
38037,2
38038,1
38039,1
38040,1
38041,2
38042,1
38043,1
38044,1
38045,1
38046,1
38047,1
38048,1
38049,4
38050,1
38051,1
38052,1
38053,4
38054,1
38055,1
38056,1
38057,1
38058,1
38059,1
38060,3
38061,1
38062,1
38063,1
38064,1
38065,3
38066,1
38067,1
38068,2
38069,NA
38070,1
38071,1
38072,2
38073,1
38074,1
38075,4
38076,1
38077,4
38078,3
38079,1
38080,1
38081,1
38082,1
38083,1
38084,2
38085,1
38086,1
38087,1
38088,2
38089,1
38090,4
38091,2
38092,3
38093,2
38094,1
38095,1
38096,1
38097,3
38098,2
38099,1
38100,4
38101,1
38102,2
38103,1
38104,1
38105,1
38106,3
38107,3
38108,1
38109,1
38110,3
38111,1
38112,1
38113,3
38114,1
38115,3
38116,1
38117,2
38118,1
38119,3
38120,3
38121,1
38122,1
38123,1
38124,1
38125,1
38126,1
38127,1
38128,1
38129,1
38130,1
38131,1
38132,1
38133,1
38134,1
38135,3
38136,1
38137,1
38138,1
38139,3
38140,1
38141,1
38142,2
38143,1
38144,1
38145,1
38146,1
38147,1
38148,1
38149,2
38150,2
38151,1
38152,1
38153,2
38154,1
38155,1
38156,1
38157,3
38158,1
38159,2
38160,1
38161,3
38162,3
38163,1
38164,1
38165,1
38166,1
38167,1
38168,2
38169,1
38170,4
38171,1
38172,2
38173,1
38174,2
38175,1
38176,1
38177,1
38178,1
38179,1
38180,3
38181,1
38182,1
38183,2
38184,3
38185,1
38186,1
38187,1
38188,2
38189,1
38190,1
38191,3
38192,1
38193,1
38194,1
38195,1
38196,1
38197,2
38198,1
38199,1
38200,1
38201,1
38202,1
38203,3
38204,1
38205,3
38206,1
38207,1
38208,1
38209,3
38210,1
38211,3
38212,1
38213,1
38214,1
38215,1
38216,2
38217,1
38218,1
38219,1
38220,1
38221,1
38222,4
38223,1
38224,1
38225,1
38226,1
38227,1
38228,1
38229,3
38230,1
38231,1
38232,3
38233,1
38234,2
38235,1
38236,1
38237,4
38238,1
38239,1
38240,2
38241,1
38242,1
38243,1
38244,1
38245,1
38246,1
38247,1
38248,1
38249,3
38250,2
38251,1
38252,1
38253,1
38254,1
38255,1
38256,2
38257,1
38258,1
38259,1
38260,1
38261,1
38262,NA
38263,1
38264,1
38265,1
38266,1
38267,1
38268,1
38269,1
38270,3
38271,1
38272,2
38273,2
38274,1
38275,4
38276,1
38277,1
38278,1
38279,1
38280,1
38281,1
38282,1
38283,4
38284,1
38285,1
38286,2
38287,3
38288,1
38289,2
38290,1
38291,1
38292,1
38293,1
38294,2
38295,2
38296,2
38297,1
38298,2
38299,1
38300,1
38301,1
38302,1
38303,1
38304,1
38305,1
38306,1
38307,1
38308,1
38309,2
38310,1
38311,1
38312,3
38313,1
38314,3
38315,1
38316,3
38317,1
38318,1
38319,1
38320,1
38321,1
38322,4
38323,3
38324,3
38325,1
38326,3
38327,3
38328,1
38329,1
38330,3
38331,1
38332,4
38333,3
38334,1
38335,1
38336,1
38337,1
38338,1
38339,1
38340,2
38341,2
38342,1
38343,2
38344,1
38345,1
38346,1
38347,4
38348,1
38349,1
38350,1
38351,1
38352,1
38353,1
38354,1
38355,1
38356,1
38357,4
38358,1
38359,3
38360,1
38361,1
38362,4
38363,1
38364,2
38365,1
38366,1
38367,1
38368,1
38369,1
38370,1
38371,2
38372,1
38373,1
38374,1
38375,1
38376,1
38377,1
38378,1
38379,1
38380,1
38381,3
38382,2
38383,1
38384,1
38385,1
38386,1
38387,2
38388,2
38389,3
38390,2
38391,1
38392,1
38393,1
38394,1
38395,4
38396,1
38397,1
38398,1
38399,3
38400,1
38401,1
38402,1
38403,1
38404,2
38405,2
38406,1
38407,3
38408,3
38409,1
38410,1
38411,1
38412,1
38413,2
38414,1
38415,1
38416,1
38417,3
38418,1
38419,1
38420,1
38421,1
38422,1
38423,1
38424,4
38425,2
38426,1
38427,1
38428,3
38429,1
38430,1
38431,1
38432,1
38433,1
38434,3
38435,1
38436,1
38437,1
38438,1
38439,1
38440,4
38441,3
38442,1
38443,1
38444,3
38445,1
38446,3
38447,1
38448,1
38449,1
38450,4
38451,1
38452,3
38453,1
38454,3
38455,1
38456,1
38457,NA
38458,1
38459,1
38460,1
38461,1
38462,1
38463,2
38464,4
38465,1
38466,1
38467,1
38468,1
38469,1
38470,1
38471,4
38472,1
38473,3
38474,1
38475,1
38476,1
38477,1
38478,2
38479,1
38480,1
38481,2
38482,1
38483,1
38484,4
38485,1
38486,3
38487,1
38488,1
38489,1
38490,1
38491,1
38492,1
38493,NA
38494,1
38495,1
38496,2
38497,2
38498,1
38499,1
38500,1
38501,1
38502,2
38503,1
38504,1
38505,4
38506,3
38507,1
38508,1
38509,1
38510,4
38511,3
38512,3
38513,2
38514,1
38515,1
38516,1
38517,2
38518,1
38519,1
38520,1
38521,3
38522,1
38523,2
38524,1
38525,3
38526,1
38527,1
38528,1
38529,1
38530,1
38531,1
38532,2
38533,3
38534,1
38535,2
38536,1
38537,1
38538,1
38539,1
38540,2
38541,1
38542,4
38543,1
38544,2
38545,1
38546,1
38547,1
38548,1
38549,1
38550,1
38551,3
38552,3
38553,1
38554,1
38555,3
38556,1
38557,1
38558,1
38559,1
38560,1
38561,2
38562,1
38563,1
38564,1
38565,1
38566,3
38567,1
38568,1
38569,1
38570,3
38571,1
38572,1
38573,1
38574,1
38575,1
38576,1
38577,3
38578,1
38579,1
38580,1
38581,2
38582,1
38583,3
38584,1
38585,1
38586,1
38587,1
38588,1
38589,3
38590,1
38591,1
38592,1
38593,2
38594,4
38595,2
38596,1
38597,4
38598,3
38599,1
38600,3
38601,1
38602,1
38603,2
38604,1
38605,1
38606,1
38607,1
38608,1
38609,2
38610,1
38611,3
38612,1
38613,1
38614,1
38615,1
38616,1
38617,2
38618,1
38619,1
38620,1
38621,2
38622,4
38623,1
38624,1
38625,1
38626,3
38627,3
38628,1
38629,3
38630,3
38631,3
38632,1
38633,1
38634,3
38635,4
38636,1
38637,1
38638,1
38639,3
38640,2
38641,1
38642,1
38643,1
38644,1
38645,4
38646,1
38647,1
38648,1
38649,1
38650,1
38651,1
38652,1
38653,1
38654,3
38655,1
38656,1
38657,1
38658,1
38659,1
38660,1
38661,3
38662,1
38663,1
38664,1
38665,2
38666,2
38667,1
38668,2
38669,1
38670,1
38671,4
38672,1
38673,1
38674,2
38675,1
38676,1
38677,4
38678,1
38679,1
38680,1
38681,1
38682,3
38683,3
38684,3
38685,2
38686,2
38687,1
38688,1
38689,3
38690,1
38691,1
38692,1
38693,NA
38694,3
38695,1
38696,1
38697,1
38698,3
38699,1
38700,1
38701,2
38702,3
38703,1
38704,1
38705,1
38706,1
38707,3
38708,1
38709,4
38710,3
38711,2
38712,1
38713,2
38714,1
38715,1
38716,3
38717,1
38718,1
38719,2
38720,1
38721,1
38722,1
38723,1
38724,1
38725,4
38726,1
38727,1
38728,1
38729,2
38730,NA
38731,1
38732,3
38733,1
38734,3
38735,1
38736,1
38737,1
38738,1
38739,1
38740,3
38741,3
38742,1
38743,1
38744,1
38745,1
38746,3
38747,1
38748,1
38749,1
38750,1
38751,1
38752,1
38753,1
38754,1
38755,1
38756,1
38757,1
38758,NA
38759,1
38760,NA
38761,1
38762,1
38763,1
38764,1
38765,2
38766,1
38767,3
38768,1
38769,1
38770,1
38771,1
38772,1
38773,1
38774,1
38775,3
38776,1
38777,1
38778,4
38779,1
38780,1
38781,1
38782,1
38783,1
38784,1
38785,1
38786,1
38787,4
38788,1
38789,1
38790,1
38791,4
38792,1
38793,1
38794,4
38795,1
38796,1
38797,1
38798,1
38799,1
38800,1
38801,3
38802,1
38803,1
38804,1
38805,1
38806,2
38807,1
38808,3
38809,1
38810,2
38811,1
38812,4
38813,1
38814,3
38815,1
38816,1
38817,3
38818,1
38819,1
38820,1
38821,1
38822,1
38823,1
38824,3
38825,1
38826,3
38827,1
38828,2
38829,1
38830,1
38831,4
38832,1
38833,1
38834,4
38835,1
38836,2
38837,1
38838,1
38839,1
38840,1
38841,1
38842,1
38843,1
38844,2
38845,1
38846,4
38847,3
38848,1
38849,1
38850,1
38851,1
38852,1
38853,1
38854,2
38855,4
38856,2
38857,1
38858,1
38859,1
38860,1
38861,1
38862,1
38863,1
38864,3
38865,2
38866,1
38867,1
38868,3
38869,1
38870,1
38871,1
38872,1
38873,3
38874,2
38875,4
38876,1
38877,2
38878,4
38879,1
38880,1
38881,3
38882,1
38883,3
38884,2
38885,1
38886,1
38887,2
38888,1
38889,1
38890,1
38891,1
38892,1
38893,3
38894,2
38895,4
38896,1
38897,1
38898,1
38899,2
38900,1
38901,1
38902,2
38903,3
38904,1
38905,1
38906,1
38907,1
38908,1
38909,1
38910,3
38911,1
38912,3
38913,1
38914,1
38915,1
38916,1
38917,1
38918,1
38919,3
38920,2
38921,1
38922,3
38923,1
38924,1
38925,1
38926,3
38927,1
38928,3
38929,1
38930,1
38931,3
38932,1
38933,1
38934,1
38935,1
38936,1
38937,1
38938,1
38939,4
38940,1
38941,2
38942,1
38943,1
38944,1
38945,1
38946,1
38947,1
38948,1
38949,1
38950,2
38951,1
38952,3
38953,1
38954,1
38955,1
38956,1
38957,1
38958,1
38959,1
38960,1
38961,1
38962,2
38963,1
38964,4
38965,1
38966,1
38967,1
38968,1
38969,1
38970,3
38971,NA
38972,3
38973,4
38974,2
38975,3
38976,4
38977,3
38978,1
38979,3
38980,1
38981,1
38982,1
38983,3
38984,1
38985,1
38986,1
38987,1
38988,1
38989,1
38990,1
38991,1
38992,1
38993,1
38994,3
38995,1
38996,1
38997,1
38998,4
38999,1
39000,1
39001,2
39002,1
39003,1
39004,1
39005,1
39006,3
39007,1
39008,1
39009,1
39010,1
39011,1
39012,1
39013,1
39014,4
39015,1
39016,1
39017,4
39018,2
39019,1
39020,1
39021,2
39022,1
39023,1
39024,1
39025,1
39026,1
39027,1
39028,4
39029,1
39030,1
39031,1
39032,4
39033,1
39034,1
39035,1
39036,4
39037,4
39038,1
39039,1
39040,1
39041,3
39042,1
39043,1
39044,1
39045,1
39046,1
39047,1
39048,1
39049,3
39050,1
39051,1
39052,2
39053,1
39054,1
39055,1
39056,3
39057,3
39058,1
39059,3
39060,1
39061,1
39062,1
39063,1
39064,1
39065,1
39066,1
39067,1
39068,3
39069,2
39070,2
39071,1
39072,3
39073,1
39074,1
39075,3
39076,3
39077,1
39078,1
39079,1
39080,1
39081,1
39082,3
39083,1
39084,1
39085,1
39086,1
39087,1
39088,3
39089,1
39090,1
39091,4
39092,1
39093,1
39094,1
39095,1
39096,1
39097,1
39098,3
39099,4
39100,1
39101,1
39102,3
39103,1
39104,1
39105,4
39106,1
39107,1
39108,1
39109,1
39110,1
39111,1
39112,NA
39113,1
39114,3
39115,1
39116,1
39117,1
39118,1
39119,1
39120,3
39121,1
39122,3
39123,1
39124,1
39125,1
39126,1
39127,2
39128,1
39129,1
39130,3
39131,1
39132,1
39133,1
39134,1
39135,1
39136,1
39137,4
39138,4
39139,1
39140,3
39141,1
39142,1
39143,4
39144,NA
39145,1
39146,2
39147,1
39148,1
39149,3
39150,1
39151,3
39152,1
39153,2
39154,4
39155,1
39156,3
39157,1
39158,1
39159,1
39160,2
39161,1
39162,1
39163,1
39164,1
39165,1
39166,1
39167,1
39168,1
39169,1
39170,1
39171,3
39172,1
39173,3
39174,3
39175,1
39176,1
39177,1
39178,1
39179,1
39180,1
39181,1
39182,1
39183,1
39184,1
39185,3
39186,1
39187,4
39188,1
39189,1
39190,1
39191,4
39192,3
39193,1
39194,1
39195,1
39196,1
39197,1
39198,1
39199,1
39200,4
39201,1
39202,1
39203,1
39204,1
39205,1
39206,4
39207,1
39208,1
39209,4
39210,1
39211,1
39212,1
39213,1
39214,1
39215,1
39216,3
39217,1
39218,1
39219,1
39220,1
39221,1
39222,1
39223,1
39224,3
39225,1
39226,1
39227,1
39228,1
39229,1
39230,1
39231,4
39232,1
39233,1
39234,3
39235,1
39236,1
39237,1
39238,1
39239,1
39240,4
39241,1
39242,3
39243,1
39244,1
39245,1
39246,1
39247,1
39248,1
39249,1
39250,1
39251,1
39252,1
39253,3
39254,1
39255,1
39256,1
39257,4
39258,1
39259,4
39260,1
39261,3
39262,2
39263,1
39264,1
39265,1
39266,1
39267,1
39268,3
39269,1
39270,1
39271,1
39272,1
39273,1
39274,1
39275,4
39276,1
39277,1
39278,3
39279,1
39280,4
39281,1
39282,2
39283,3
39284,1
39285,1
39286,1
39287,1
39288,1
39289,1
39290,1
39291,1
39292,3
39293,3
39294,1
39295,1
39296,1
39297,4
39298,1
39299,1
39300,1
39301,1
39302,2
39303,1
39304,3
39305,3
39306,NA
39307,2
39308,3
39309,1
39310,1
39311,1
39312,1
39313,NA
39314,1
39315,4
39316,1
39317,1
39318,1
39319,1
39320,1
39321,1
39322,2
39323,1
39324,1
39325,1
39326,1
39327,2
39328,1
39329,1
39330,1
39331,1
39332,1
39333,3
39334,3
39335,1
39336,1
39337,1
39338,1
39339,2
39340,1
39341,2
39342,2
39343,1
39344,2
39345,1
39346,3
39347,3
39348,1
39349,4
39350,3
39351,1
39352,1
39353,1
39354,1
39355,4
39356,3
39357,NA
39358,1
39359,1
39360,3
39361,1
39362,1
39363,3
39364,1
39365,3
39366,1
39367,1
39368,1
39369,2
39370,1
39371,1
39372,1
39373,3
39374,1
39375,4
39376,1
39377,3
39378,2
39379,1
39380,1
39381,1
39382,1
39383,1
39384,1
39385,1
39386,1
39387,1
39388,1
39389,1
39390,1
39391,1
39392,1
39393,1
39394,1
39395,1
39396,1
39397,1
39398,1
39399,1
39400,1
39401,1
39402,1
39403,1
39404,1
39405,1
39406,2
39407,1
39408,1
39409,3
39410,1
39411,1
39412,2
39413,4
39414,2
39415,1
39416,1
39417,1
39418,1
39419,1
39420,1
39421,1
39422,1
39423,3
39424,1
39425,4
39426,NA
39427,1
39428,1
39429,1
39430,1
39431,1
39432,1
39433,1
39434,1
39435,2
39436,1
39437,1
39438,1
39439,2
39440,3
39441,2
39442,1
39443,1
39444,1
39445,1
39446,1
39447,1
39448,3
39449,1
39450,1
39451,1
39452,3
39453,3
39454,1
39455,1
39456,1
39457,1
39458,1
39459,2
39460,1
39461,1
39462,2
39463,3
39464,2
39465,1
39466,1
39467,NA
39468,1
39469,1
39470,1
39471,1
39472,1
39473,3
39474,2
39475,1
39476,1
39477,2
39478,1
39479,1
39480,3
39481,1
39482,1
39483,3
39484,1
39485,4
39486,1
39487,1
39488,1
39489,3
39490,3
39491,2
39492,1
39493,1
39494,1
39495,3
39496,3
39497,1
39498,1
39499,3
39500,1
39501,2
39502,2
39503,2
39504,1
39505,1
39506,2
39507,1
39508,1
39509,3
39510,2
39511,1
39512,1
39513,2
39514,1
39515,3
39516,1
39517,4
39518,1
39519,1
39520,2
39521,1
39522,1
39523,1
39524,3
39525,1
39526,3
39527,1
39528,3
39529,1
39530,1
39531,2
39532,3
39533,1
39534,1
39535,1
39536,1
39537,1
39538,1
39539,1
39540,1
39541,1
39542,1
39543,1
39544,1
39545,3
39546,3
39547,1
39548,1
39549,1
39550,3
39551,1
39552,2
39553,1
39554,1
39555,1
39556,1
39557,1
39558,3
39559,1
39560,1
39561,1
39562,1
39563,3
39564,1
39565,1
39566,3
39567,3
39568,1
39569,1
39570,1
39571,1
39572,NA
39573,NA
39574,1
39575,1
39576,4
39577,2
39578,1
39579,1
39580,1
39581,1
39582,2
39583,1
39584,1
39585,1
39586,1
39587,4
39588,1
39589,1
39590,1
39591,1
39592,1
39593,1
39594,1
39595,3
39596,2
39597,1
39598,1
39599,1
39600,1
39601,NA
39602,1
39603,1
39604,1
39605,2
39606,3
39607,3
39608,1
39609,2
39610,1
39611,2
39612,2
39613,1
39614,1
39615,1
39616,1
39617,1
39618,1
39619,3
39620,1
39621,1
39622,1
39623,1
39624,1
39625,1
39626,1
39627,1
39628,3
39629,1
39630,1
39631,1
39632,1
39633,3
39634,1
39635,1
39636,1
39637,1
39638,2
39639,1
39640,1
39641,1
39642,3
39643,4
39644,1
39645,2
39646,1
39647,1
39648,3
39649,1
39650,1
39651,1
39652,1
39653,1
39654,1
39655,1
39656,1
39657,1
39658,2
39659,1
39660,1
39661,3
39662,3
39663,1
39664,1
39665,1
39666,2
39667,3
39668,NA
39669,1
39670,1
39671,1
39672,4
39673,2
39674,1
39675,1
39676,1
39677,1
39678,1
39679,1
39680,1
39681,1
39682,1
39683,1
39684,1
39685,1
39686,4
39687,1
39688,3
39689,3
39690,1
39691,1
39692,3
39693,1
39694,1
39695,1
39696,3
39697,4
39698,2
39699,1
39700,2
39701,1
39702,1
39703,4
39704,1
39705,1
39706,2
39707,1
39708,3
39709,1
39710,2
39711,1
39712,1
39713,1
39714,3
39715,1
39716,1
39717,1
39718,1
39719,1
39720,1
39721,3
39722,3
39723,1
39724,4
39725,1
39726,1
39727,1
39728,1
39729,3
39730,1
39731,1
39732,1
39733,3
39734,2
39735,1
39736,1
39737,4
39738,1
39739,1
39740,3
39741,3
39742,1
39743,1
39744,1
39745,1
39746,1
39747,4
39748,1
39749,1
39750,1
39751,1
39752,1
39753,1
39754,3
39755,1
39756,2
39757,4
39758,1
39759,4
39760,1
39761,1
39762,1
39763,1
39764,1
39765,1
39766,3
39767,1
39768,1
39769,3
39770,2
39771,2
39772,1
39773,1
39774,1
39775,1
39776,2
39777,2
39778,1
39779,1
39780,1
39781,1
39782,1
39783,1
39784,3
39785,1
39786,1
39787,2
39788,3
39789,3
39790,1
39791,2
39792,1
39793,1
39794,1
39795,1
39796,1
39797,1
39798,3
39799,1
39800,1
39801,3
39802,1
39803,1
39804,1
39805,4
39806,2
39807,1
39808,1
39809,1
39810,1
39811,1
39812,2
39813,3
39814,1
39815,1
39816,1
39817,3
39818,1
39819,1
39820,1
39821,1
39822,4
39823,1
39824,3
39825,1
39826,1
39827,1
39828,2
39829,1
39830,1
39831,1
39832,1
39833,3
39834,2
39835,2
39836,1
39837,4
39838,1
39839,1
39840,1
39841,1
39842,1
39843,3
39844,2
39845,2
39846,3
39847,1
39848,1
39849,4
39850,1
39851,1
39852,1
39853,1
39854,2
39855,2
39856,1
39857,3
39858,3
39859,1
39860,1
39861,1
39862,1
39863,1
39864,1
39865,1
39866,1
39867,1
39868,1
39869,1
39870,1
39871,1
39872,2
39873,1
39874,1
39875,1
39876,1
39877,1
39878,NA
39879,1
39880,1
39881,1
39882,4
39883,2
39884,1
39885,1
39886,4
39887,1
39888,2
39889,1
39890,3
39891,1
39892,1
39893,1
39894,1
39895,4
39896,1
39897,3
39898,3
39899,1
39900,1
39901,3
39902,3
39903,1
39904,1
39905,2
39906,1
39907,1
39908,3
39909,1
39910,1
39911,3
39912,1
39913,1
39914,1
39915,1
39916,1
39917,1
39918,3
39919,2
39920,1
39921,1
39922,3
39923,1
39924,4
39925,1
39926,1
39927,1
39928,3
39929,1
39930,3
39931,1
39932,4
39933,3
39934,3
39935,1
39936,1
39937,4
39938,3
39939,1
39940,1
39941,3
39942,4
39943,3
39944,1
39945,1
39946,NA
39947,2
39948,1
39949,1
39950,1
39951,1
39952,1
39953,1
39954,1
39955,3
39956,1
39957,2
39958,1
39959,4
39960,1
39961,1
39962,1
39963,3
39964,1
39965,1
39966,1
39967,2
39968,1
39969,1
39970,1
39971,1
39972,1
39973,1
39974,1
39975,1
39976,3
39977,1
39978,1
39979,1
39980,1
39981,1
39982,1
39983,1
39984,4
39985,1
39986,1
39987,1
39988,1
39989,4
39990,3
39991,2
39992,1
39993,3
39994,1
39995,3
39996,1
39997,1
39998,1
39999,2
40000,1
40001,1
40002,2
40003,1
40004,1
40005,1
40006,1
40007,1
40008,2
40009,1
40010,2
40011,1
40012,2
40013,1
40014,1
40015,1
40016,1
40017,3
40018,3
40019,3
40020,1
40021,1
40022,1
40023,3
40024,1
40025,1
40026,1
40027,1
40028,1
40029,1
40030,1
40031,3
40032,1
40033,1
40034,3
40035,4
40036,1
40037,1
40038,3
40039,1
40040,1
40041,1
40042,2
40043,3
40044,1
40045,3
40046,1
40047,1
40048,1
40049,1
40050,2
40051,1
40052,2
40053,1
40054,2
40055,1
40056,3
40057,4
40058,4
40059,3
40060,1
40061,1
40062,1
40063,1
40064,2
40065,1
40066,1
40067,2
40068,1
40069,2
40070,1
40071,3
40072,1
40073,4
40074,1
40075,1
40076,1
40077,1
40078,4
40079,3
40080,1
40081,1
40082,1
40083,2
40084,1
40085,1
40086,2
40087,3
40088,2
40089,4
40090,2
40091,1
40092,1
40093,1
40094,1
40095,1
40096,1
40097,1
40098,4
40099,1
40100,1
40101,1
40102,1
40103,3
40104,1
40105,3
40106,1
40107,2
40108,1
40109,1
40110,1
40111,1
40112,1
40113,1
40114,1
40115,1
40116,2
40117,2
40118,1
40119,1
40120,1
40121,4
40122,1
40123,1
40124,1
40125,3
40126,4
40127,1
40128,2
40129,4
40130,2
40131,1
40132,NA
40133,2
40134,1
40135,1
40136,1
40137,1
40138,3
40139,2
40140,1
40141,1
40142,3
40143,1
40144,2
40145,3
40146,2
40147,1
40148,1
40149,1
40150,1
40151,1
40152,1
40153,1
40154,1
40155,1
40156,2
40157,1
40158,2
40159,1
40160,1
40161,1
40162,1
40163,4
40164,1
40165,1
40166,1
40167,1
40168,1
40169,1
40170,1
40171,2
40172,1
40173,1
40174,1
40175,1
40176,1
40177,1
40178,1
40179,1
40180,1
40181,3
40182,1
40183,1
40184,3
40185,1
40186,3
40187,3
40188,1
40189,1
40190,1
40191,1
40192,3
40193,1
40194,3
40195,1
40196,1
40197,1
40198,1
40199,1
40200,1
40201,1
40202,3
40203,2
40204,1
40205,3
40206,1
40207,1
40208,1
40209,4
40210,1
40211,4
40212,1
40213,1
40214,2
40215,3
40216,1
40217,1
40218,4
40219,1
40220,1
40221,1
40222,1
40223,3
40224,3
40225,1
40226,1
40227,1
40228,1
40229,1
40230,1
40231,1
40232,1
40233,2
40234,1
40235,2
40236,3
40237,1
40238,3
40239,1
40240,1
40241,2
40242,1
40243,1
40244,1
40245,1
40246,1
40247,1
40248,1
40249,1
40250,2
40251,4
40252,2
40253,1
40254,1
40255,1
40256,1
40257,3
40258,1
40259,4
40260,1
40261,3
40262,1
40263,1
40264,1
40265,1
40266,3
40267,2
40268,1
40269,4
40270,3
40271,1
40272,4
40273,1
40274,3
40275,1
40276,1
40277,1
40278,1
40279,1
40280,1
40281,1
40282,1
40283,1
40284,1
40285,1
40286,1
40287,4
40288,1
40289,1
40290,1
40291,1
40292,1
40293,1
40294,4
40295,1
40296,1
40297,1
40298,1
40299,1
40300,1
40301,1
40302,1
40303,3
40304,2
40305,2
40306,2
40307,3
40308,1
40309,1
40310,1
40311,1
40312,1
40313,3
40314,NA
40315,1
40316,3
40317,1
40318,1
40319,1
40320,1
40321,1
40322,1
40323,1
40324,1
40325,1
40326,2
40327,1
40328,1
40329,2
40330,1
40331,1
40332,1
40333,1
40334,1
40335,1
40336,1
40337,1
40338,1
40339,1
40340,1
40341,NA
40342,3
40343,1
40344,1
40345,1
40346,2
40347,1
40348,2
40349,1
40350,1
40351,1
40352,3
40353,1
40354,1
40355,2
40356,1
40357,1
40358,1
40359,1
40360,4
40361,3
40362,3
40363,1
40364,1
40365,3
40366,1
40367,1
40368,1
40369,1
40370,1
40371,1
40372,2
40373,3
40374,2
40375,1
40376,1
40377,1
40378,1
40379,1
40380,1
40381,1
40382,1
40383,4
40384,1
40385,1
40386,1
40387,1
40388,1
40389,1
40390,1
40391,1
40392,2
40393,1
40394,3
40395,1
40396,3
40397,3
40398,1
40399,1
40400,1
40401,1
40402,1
40403,3
40404,1
40405,1
40406,1
40407,4
40408,3
40409,1
40410,1
40411,1
40412,2
40413,2
40414,1
40415,1
40416,3
40417,1
40418,1
40419,2
40420,1
40421,1
40422,1
40423,1
40424,1
40425,2
40426,1
40427,3
40428,2
40429,3
40430,1
40431,1
40432,1
40433,1
40434,1
40435,1
40436,1
40437,1
40438,1
40439,1
40440,3
40441,2
40442,1
40443,1
40444,1
40445,3
40446,1
40447,3
40448,2
40449,1
40450,NA
40451,1
40452,1
40453,1
40454,1
40455,1
40456,1
40457,2
40458,1
40459,1
40460,1
40461,1
40462,1
40463,1
40464,2
40465,3
40466,2
40467,3
40468,1
40469,2
40470,4
40471,4
40472,1
40473,1
40474,2
40475,4
40476,1
40477,4
40478,4
40479,1
40480,1
40481,1
40482,1
40483,1
40484,1
40485,2
40486,1
40487,1
40488,2
40489,1
40490,2
40491,2
40492,4
40493,4
40494,3
40495,1
40496,1
40497,1
40498,3
40499,3
40500,2
40501,4
40502,1
40503,2
40504,1
40505,1
40506,1
40507,2
40508,1
40509,1
40510,1
40511,1
40512,2
40513,1
40514,1
40515,1
40516,1
40517,1
40518,1
40519,1
40520,1
40521,1
40522,4
40523,3
40524,1
40525,2
40526,1
40527,1
40528,1
40529,1
40530,3
40531,1
40532,2
40533,2
40534,1
40535,1
40536,2
40537,2
40538,3
40539,1
40540,1
40541,3
40542,1
40543,1
40544,1
40545,1
40546,3
40547,1
40548,1
40549,3
40550,1
40551,1
40552,1
40553,2
40554,3
40555,2
40556,1
40557,1
40558,1
40559,NA
40560,1
40561,2
40562,4
40563,1
40564,2
40565,1
40566,1
40567,1
40568,1
40569,3
40570,1
40571,1
40572,2
40573,1
40574,1
40575,1
40576,1
40577,1
40578,1
40579,1
40580,1
40581,1
40582,1
40583,1
40584,2
40585,3
40586,1
40587,1
40588,1
40589,1
40590,1
40591,1
40592,1
40593,3
40594,2
40595,1
40596,1
40597,2
40598,1
40599,1
40600,3
40601,2
40602,1
40603,3
40604,3
40605,1
40606,1
40607,1
40608,1
40609,4
40610,1
40611,1
40612,1
40613,4
40614,1
40615,2
40616,1
40617,1
40618,2
40619,2
40620,1
40621,1
40622,1
40623,1
40624,1
40625,1
40626,1
40627,1
40628,2
40629,1
40630,1
40631,1
40632,3
40633,1
40634,3
40635,3
40636,1
40637,1
40638,1
40639,1
40640,1
40641,1
40642,4
40643,1
40644,1
40645,1
40646,1
40647,1
40648,1
40649,1
40650,1
40651,4
40652,1
40653,3
40654,1
40655,1
40656,3
40657,1
40658,1
40659,1
40660,1
40661,1
40662,1
40663,3
40664,2
40665,3
40666,3
40667,1
40668,2
40669,1
40670,1
40671,1
40672,1
40673,1
40674,1
40675,1
40676,1
40677,3
40678,1
40679,2
40680,1
40681,1
40682,3
40683,1
40684,4
40685,1
40686,3
40687,1
40688,3
40689,3
40690,2
40691,1
40692,2
40693,4
40694,1
40695,1
40696,3
40697,NA
40698,1
40699,1
40700,1
40701,2
40702,1
40703,1
40704,1
40705,1
40706,1
40707,1
40708,1
40709,1
40710,2
40711,1
40712,1
40713,1
40714,1
40715,1
40716,2
40717,2
40718,1
40719,4
40720,1
40721,3
40722,1
40723,2
40724,1
40725,1
40726,1
40727,4
40728,1
40729,2
40730,1
40731,3
40732,1
40733,1
40734,4
40735,1
40736,1
40737,1
40738,1
40739,1
40740,1
40741,1
40742,1
40743,2
40744,1
40745,1
40746,1
40747,3
40748,3
40749,1
40750,4
40751,1
40752,1
40753,1
40754,3
40755,1
40756,1
40757,1
40758,1
40759,1
40760,1
40761,1
40762,1
40763,1
40764,1
40765,1
40766,1
40767,1
40768,3
40769,1
40770,1
40771,1
40772,1
40773,1
40774,1
40775,1
40776,1
40777,1
40778,3
40779,1
40780,1
40781,1
40782,1
40783,3
40784,1
40785,1
40786,3
40787,1
40788,1
40789,1
40790,4
40791,1
40792,1
40793,1
40794,1
40795,1
40796,2
40797,1
40798,3
40799,4
40800,1
40801,1
40802,1
40803,1
40804,1
40805,1
40806,1
40807,1
40808,1
40809,1
40810,1
40811,3
40812,1
40813,1
40814,1
40815,1
40816,3
40817,1
40818,2
40819,1
40820,3
40821,1
40822,1
40823,1
40824,1
40825,1
40826,1
40827,3
40828,3
40829,2
40830,4
40831,3
40832,1
40833,1
40834,1
40835,2
40836,1
40837,3
40838,1
40839,1
40840,1
40841,1
40842,1
40843,3
40844,1
40845,1
40846,1
40847,3
40848,1
40849,1
40850,1
40851,1
40852,1
40853,3
40854,3
40855,1
40856,1
40857,1
40858,1
40859,2
40860,1
40861,1
40862,1
40863,1
40864,NA
40865,1
40866,2
40867,1
40868,1
40869,1
40870,1
40871,2
40872,2
40873,1
40874,1
40875,4
40876,1
40877,3
40878,2
40879,1
40880,3
40881,1
40882,1
40883,1
40884,1
40885,3
40886,1
40887,3
40888,1
40889,1
40890,4
40891,1
40892,1
40893,3
40894,1
40895,1
40896,1
40897,1
40898,1
40899,1
40900,1
40901,3
40902,4
40903,1
40904,NA
40905,3
40906,1
40907,1
40908,1
40909,2
40910,1
40911,1
40912,1
40913,1
40914,3
40915,3
40916,1
40917,1
40918,4
40919,1
40920,1
40921,1
40922,1
40923,1
40924,1
40925,1
40926,2
40927,1
40928,1
40929,1
40930,1
40931,2
40932,1
40933,1
40934,1
40935,1
40936,3
40937,1
40938,1
40939,1
40940,1
40941,3
40942,2
40943,2
40944,1
40945,1
40946,1
40947,1
40948,1
40949,1
40950,1
40951,1
40952,1
40953,1
40954,1
40955,1
40956,3
40957,1
40958,1
40959,2
40960,1
40961,1
40962,1
40963,1
40964,2
40965,1
40966,1
40967,1
40968,1
40969,2
40970,1
40971,3
40972,1
40973,3
40974,1
40975,1
40976,1
40977,1
40978,3
40979,1
40980,1
40981,3
40982,1
40983,1
40984,1
40985,1
40986,1
40987,1
40988,1
40989,1
40990,1
40991,1
40992,4
40993,1
40994,1
40995,1
40996,1
40997,1
40998,1
40999,2
41000,1
41001,1
41002,1
41003,1
41004,3
41005,1
41006,3
41007,4
41008,1
41009,4
41010,1
41011,1
41012,1
41013,1
41014,1
41015,1
41016,1
41017,NA
41018,4
41019,NA
41020,1
41021,1
41022,1
41023,1
41024,1
41025,1
41026,1
41027,1
41028,1
41029,2
41030,1
41031,3
41032,1
41033,1
41034,1
41035,1
41036,4
41037,1
41038,4
41039,1
41040,1
41041,3
41042,3
41043,3
41044,1
41045,4
41046,1
41047,1
41048,3
41049,1
41050,1
41051,1
41052,1
41053,1
41054,3
41055,1
41056,1
41057,1
41058,3
41059,1
41060,3
41061,2
41062,1
41063,4
41064,1
41065,1
41066,3
41067,1
41068,1
41069,1
41070,4
41071,1
41072,4
41073,1
41074,1
41075,1
41076,2
41077,1
41078,1
41079,1
41080,1
41081,1
41082,1
41083,2
41084,1
41085,1
41086,1
41087,1
41088,1
41089,1
41090,3
41091,1
41092,1
41093,3
41094,1
41095,1
41096,3
41097,3
41098,1
41099,2
41100,1
41101,1
41102,3
41103,1
41104,1
41105,1
41106,1
41107,2
41108,2
41109,1
41110,4
41111,2
41112,1
41113,3
41114,1
41115,1
41116,1
41117,1
41118,1
41119,1
41120,2
41121,4
41122,2
41123,1
41124,1
41125,4
41126,1
41127,1
41128,1
41129,1
41130,2
41131,3
41132,1
41133,1
41134,3
41135,1
41136,1
41137,1
41138,1
41139,1
41140,1
41141,3
41142,2
41143,1
41144,3
41145,3
41146,1
41147,1
41148,3
41149,1
41150,1
41151,1
41152,1
41153,2
41154,1
41155,1
41156,1
41157,3
41158,1
41159,1
41160,1
41161,1
41162,1
41163,1
41164,1
41165,1
41166,2
41167,1
41168,3
41169,4
41170,1
41171,1
41172,2
41173,1
41174,1
41175,1
41176,4
41177,1
41178,1
41179,1
41180,1
41181,1
41182,2
41183,3
41184,2
41185,1
41186,1
41187,4
41188,4
41189,3
41190,1
41191,1
41192,1
41193,1
41194,1
41195,NA
41196,1
41197,1
41198,1
41199,1
41200,1
41201,1
41202,3
41203,3
41204,4
41205,1
41206,2
41207,NA
41208,1
41209,3
41210,1
41211,1
41212,1
41213,1
41214,1
41215,3
41216,2
41217,1
41218,3
41219,1
41220,4
41221,2
41222,1
41223,1
41224,1
41225,1
41226,1
41227,1
41228,1
41229,4
41230,1
41231,1
41232,1
41233,1
41234,1
41235,1
41236,1
41237,1
41238,1
41239,4
41240,1
41241,1
41242,3
41243,1
41244,1
41245,1
41246,2
41247,4
41248,4
41249,3
41250,3
41251,1
41252,2
41253,1
41254,1
41255,3
41256,4
41257,1
41258,1
41259,1
41260,1
41261,1
41262,1
41263,3
41264,1
41265,3
41266,2
41267,1
41268,1
41269,1
41270,2
41271,3
41272,1
41273,1
41274,3
41275,1
41276,1
41277,1
41278,NA
41279,1
41280,1
41281,1
41282,1
41283,2
41284,1
41285,1
41286,3
41287,1
41288,3
41289,1
41290,4
41291,1
41292,1
41293,3
41294,1
41295,1
41296,1
41297,2
41298,1
41299,1
41300,3
41301,1
41302,1
41303,2
41304,1
41305,1
41306,4
41307,1
41308,2
41309,1
41310,1
41311,1
41312,1
41313,1
41314,1
41315,1
41316,1
41317,1
41318,2
41319,1
41320,1
41321,3
41322,1
41323,1
41324,1
41325,1
41326,1
41327,4
41328,1
41329,1
41330,3
41331,1
41332,1
41333,3
41334,1
41335,1
41336,3
41337,1
41338,1
41339,3
41340,1
41341,3
41342,1
41343,2
41344,4
41345,1
41346,1
41347,4
41348,1
41349,1
41350,1
41351,2
41352,1
41353,2
41354,1
41355,3
41356,1
41357,1
41358,1
41359,4
41360,1
41361,1
41362,1
41363,1
41364,4
41365,1
41366,1
41367,1
41368,1
41369,4
41370,1
41371,1
41372,1
41373,1
41374,1
41375,2
41376,1
41377,1
41378,2
41379,1
41380,1
41381,1
41382,1
41383,4
41384,2
41385,1
41386,1
41387,2
41388,1
41389,3
41390,3
41391,4
41392,1
41393,1
41394,1
41395,1
41396,1
41397,4
41398,2
41399,1
41400,1
41401,1
41402,3
41403,1
41404,1
41405,1
41406,1
41407,3
41408,1
41409,1
41410,3
41411,2
41412,1
41413,1
41414,1
41415,1
41416,1
41417,1
41418,1
41419,2
41420,1
41421,1
41422,1
41423,3
41424,1
41425,1
41426,1
41427,1
41428,2
41429,1
41430,1
41431,1
41432,3
41433,1
41434,3
41435,1
41436,1
41437,1
41438,1
41439,1
41440,1
41441,3
41442,4
41443,2
41444,2
41445,1
41446,1
41447,1
41448,3
41449,2
41450,1
41451,1
41452,1
41453,2
41454,2
41455,2
41456,1
41457,3
41458,3
41459,1
41460,1
41461,1
41462,1
41463,3
41464,1
41465,1
41466,1
41467,3
41468,4
41469,1
41470,1
41471,1
41472,1
41473,4
41474,4
